Times,CPU Temperature (掳C),CPU Usage (%),Adjusted CPU Power (W),CPU Energy (J),GPU Temperature (掳C),GPU Usage (%),Adjusted GPU Power (W),GPU Energy (J),Total Energy (J)
1,27.8,1.71,125,2.14,40,4,350.0,14.0,16.14
2,27.8,1.71,125,2.14,40,5,350.0,17.5,19.64
3,27.8,1.71,125,2.14,40,6,350.0,21.0,23.14
4,27.8,1.71,125,2.14,45,55,350.0,192.5,194.64
5,27.8,1.71,125,2.14,45,44,350.0,154.0,156.14
6,27.8,1.71,125,2.14,46,54,350.0,189.0,191.14
7,27.8,1.71,125,2.14,46,52,350.0,182.0,184.14
8,27.8,1.71,125,2.14,47,54,350.0,189.0,191.14
9,27.8,1.71,125,2.14,48,52,350.0,182.0,184.14
10,27.8,1.71,125,2.14,47,36,350.0,126.0,128.14
11,27.8,1.71,125,2.14,48,53,350.0,185.5,187.64
12,27.8,1.71,125,2.14,48,57,350.0,199.5,201.64
13,27.8,1.71,125,2.14,49,49,350.0,171.5,173.64
14,27.8,1.71,125,2.14,49,45,350.0,157.5,159.64
15,27.8,1.71,125,2.14,49,53,350.0,185.5,187.64
16,27.8,1.71,125,2.14,50,53,350.0,185.5,187.64
17,27.8,1.71,125,2.14,50,51,350.0,178.5,180.64
18,27.8,1.71,125,2.14,51,58,350.0,203.0,205.14
19,27.8,1.71,125,2.14,51,53,350.0,185.5,187.64
20,27.8,1.71,125,2.14,51,54,350.0,189.0,191.14
21,27.8,1.71,125,2.14,51,52,350.0,182.0,184.14
22,27.8,1.71,125,2.14,52,56,350.0,196.0,198.14
23,27.8,1.71,125,2.14,50,5,350.0,17.5,19.64
24,27.8,1.71,125,2.14,52,53,350.0,185.5,187.64
25,27.8,1.71,125,2.14,52,53,350.0,185.5,187.64
26,27.8,1.71,125,2.14,52,50,350.0,175.0,177.14
27,27.8,1.71,125,2.14,53,58,350.0,203.0,205.14
28,27.8,1.71,125,2.14,53,56,350.0,196.0,198.14
29,27.8,1.71,125,2.14,53,55,350.0,192.5,194.64
30,27.8,1.71,125,2.14,52,33,350.0,115.5,117.64
31,27.8,1.71,125,2.14,54,53,350.0,185.5,187.64
32,27.8,1.71,125,2.14,53,27,350.0,94.5,96.64
33,27.8,1.71,125,2.14,54,57,350.0,199.5,201.64
34,27.8,1.71,125,2.14,54,44,350.0,154.0,156.14
35,27.8,1.71,125,2.14,54,48,350.0,168.0,170.14
36,27.8,1.71,125,2.14,54,54,350.0,189.0,191.14
37,27.8,1.71,125,2.14,54,49,350.0,171.5,173.64
38,27.8,1.71,125,2.14,55,51,350.0,178.5,180.64
39,27.8,1.71,125,2.14,54,44,350.0,154.0,156.14
40,27.8,1.71,125,2.14,55,51,350.0,178.5,180.64
41,27.8,1.71,125,2.14,55,42,350.0,147.0,149.14
42,27.8,1.71,125,2.14,56,56,350.0,196.0,198.14
43,27.8,1.71,125,2.14,55,54,350.0,189.0,191.14
44,27.8,1.71,125,2.14,55,48,350.0,168.0,170.14
45,27.8,1.71,125,2.14,56,50,350.0,175.0,177.14
46,27.8,1.71,125,2.14,56,51,350.0,178.5,180.64
47,27.8,1.71,125,2.14,56,51,350.0,178.5,180.64
48,27.8,1.71,125,2.14,55,10,350.0,35.0,37.14
49,27.8,1.71,125,2.14,57,48,350.0,168.0,170.14
50,27.8,1.71,125,2.14,57,51,350.0,178.5,180.64
51,27.8,1.71,125,2.14,57,47,350.0,164.5,166.64
52,27.8,1.71,125,2.14,57,52,350.0,182.0,184.14
53,27.8,1.71,125,2.14,57,42,350.0,147.0,149.14
54,27.8,1.71,125,2.14,57,50,350.0,175.0,177.14
55,27.8,1.71,125,2.14,57,44,350.0,154.0,156.14
56,27.8,1.71,125,2.14,58,52,350.0,182.0,184.14
57,27.8,1.71,125,2.14,56,40,350.0,140.0,142.14
58,27.8,1.71,125,2.14,58,49,350.0,171.5,173.64
59,27.8,1.71,125,2.14,56,9,350.0,31.5,33.64
60,27.8,1.71,125,2.14,58,51,350.0,178.5,180.64
61,27.8,1.71,125,2.14,58,52,350.0,182.0,184.14
62,27.8,1.71,125,2.14,58,53,350.0,185.5,187.64
63,27.8,1.71,125,2.14,58,53,350.0,185.5,187.64
64,27.8,1.71,125,2.14,54,52,350.0,182.0,184.14
65,27.8,1.71,125,2.14,54,1,350.0,3.5,5.640000000000001
66,27.8,1.71,125,2.14,53,0,350.0,0.0,2.14
67,27.8,1.71,125,2.14,51,0,350.0,0.0,2.14
68,27.8,1.71,125,2.14,52,8,350.0,28.0,30.14
69,27.8,1.71,125,2.14,53,16,350.0,56.0,58.14
70,27.8,1.71,125,2.14,56,53,350.0,185.5,187.64
71,27.8,1.71,125,2.14,55,46,350.0,161.0,163.14
72,27.8,1.71,125,2.14,57,57,350.0,199.5,201.64
73,27.8,1.71,125,2.14,57,55,350.0,192.5,194.64
74,27.8,1.71,125,2.14,57,51,350.0,178.5,180.64
75,27.8,1.71,125,2.14,57,50,350.0,175.0,177.14
76,27.8,1.71,125,2.14,58,53,350.0,185.5,187.64
77,27.8,1.71,125,2.14,57,56,350.0,196.0,198.14
78,27.8,1.71,125,2.14,58,54,350.0,189.0,191.14
79,27.8,1.71,125,2.14,58,42,350.0,147.0,149.14
80,27.8,1.71,125,2.14,58,53,350.0,185.5,187.64
81,27.8,1.71,125,2.14,58,49,350.0,171.5,173.64
82,27.8,1.71,125,2.14,59,54,350.0,189.0,191.14
83,27.8,1.71,125,2.14,59,57,350.0,199.5,201.64
84,27.8,1.71,125,2.14,59,34,350.0,119.0,121.14
85,27.8,1.71,125,2.14,59,57,350.0,199.5,201.64
86,27.8,1.71,125,2.14,59,55,350.0,192.5,194.64
87,27.8,1.71,125,2.14,59,43,350.0,150.5,152.64
88,27.8,1.71,125,2.14,60,54,350.0,189.0,191.14
89,27.8,1.71,125,2.14,59,56,350.0,196.0,198.14
90,27.8,1.71,125,2.14,60,51,350.0,178.5,180.64
91,27.8,1.71,125,2.14,60,51,350.0,178.5,180.64
92,27.8,1.71,125,2.14,60,57,350.0,199.5,201.64
93,27.8,1.71,125,2.14,60,49,350.0,171.5,173.64
94,27.8,1.71,125,2.14,60,55,350.0,192.5,194.64
95,27.8,1.71,125,2.14,60,54,350.0,189.0,191.14
96,27.8,1.71,125,2.14,60,25,350.0,87.5,89.64
97,27.8,1.71,125,2.14,60,56,350.0,196.0,198.14
98,27.8,1.71,125,2.14,60,53,350.0,185.5,187.64
99,27.8,1.71,125,2.14,61,52,350.0,182.0,184.14
100,27.8,1.71,125,2.14,60,46,350.0,161.0,163.14
101,27.8,1.71,125,2.14,61,48,350.0,168.0,170.14
102,27.8,1.71,125,2.14,61,36,350.0,126.0,128.14
103,27.8,1.71,125,2.14,61,54,350.0,189.0,191.14
104,27.8,1.71,125,2.14,61,51,350.0,178.5,180.64
105,27.8,1.71,125,2.14,61,44,350.0,154.0,156.14
106,27.8,1.71,125,2.14,61,55,350.0,192.5,194.64
107,27.8,1.71,125,2.14,61,51,350.0,178.5,180.64
108,27.8,1.71,125,2.14,61,51,350.0,178.5,180.64
109,27.8,1.71,125,2.14,61,53,350.0,185.5,187.64
110,27.8,1.71,125,2.14,61,51,350.0,178.5,180.64
111,27.8,1.71,125,2.14,61,41,350.0,143.5,145.64
112,27.8,1.71,125,2.14,62,53,350.0,185.5,187.64
113,27.8,1.71,125,2.14,62,50,350.0,175.0,177.14
114,27.8,1.71,125,2.14,60,52,350.0,182.0,184.14
115,27.8,1.71,125,2.14,62,53,350.0,185.5,187.64
116,27.8,1.71,125,2.14,62,54,350.0,189.0,191.14
117,27.8,1.71,125,2.14,62,51,350.0,178.5,180.64
118,27.8,1.71,125,2.14,62,49,350.0,171.5,173.64
119,27.8,1.71,125,2.14,62,44,350.0,154.0,156.14
120,27.8,1.71,125,2.14,63,48,350.0,168.0,170.14
121,27.8,1.71,125,2.14,62,42,350.0,147.0,149.14
122,27.8,1.71,125,2.14,63,52,350.0,182.0,184.14
123,27.8,1.71,125,2.14,63,48,350.0,168.0,170.14
124,27.8,1.71,125,2.14,62,51,350.0,178.5,180.64
125,27.8,1.71,125,2.14,62,51,350.0,178.5,180.64
126,27.8,1.71,125,2.14,63,51,350.0,178.5,180.64
127,27.8,1.71,125,2.14,62,25,350.0,87.5,89.64
128,27.8,1.71,125,2.14,63,49,350.0,171.5,173.64
129,27.8,1.71,125,2.14,63,50,350.0,175.0,177.14
130,27.8,1.71,125,2.14,61,34,350.0,119.0,121.14
131,27.8,1.71,125,2.14,60,53,350.0,185.5,187.64
132,27.8,1.71,125,2.14,59,3,350.0,10.5,12.64
133,27.8,1.71,125,2.14,58,0,350.0,0.0,2.14
134,27.8,1.71,125,2.14,57,0,350.0,0.0,2.14
135,27.8,1.71,125,2.14,57,6,350.0,21.0,23.14
136,27.8,1.71,125,2.14,60,53,350.0,185.5,187.64
137,27.8,1.71,125,2.14,59,33,350.0,115.5,117.64
138,27.8,1.71,125,2.14,60,35,350.0,122.5,124.64
139,27.8,1.71,125,2.14,61,52,350.0,182.0,184.14
140,27.8,1.71,125,2.14,61,51,350.0,178.5,180.64
141,27.8,1.71,125,2.14,62,47,350.0,164.5,166.64
142,27.8,1.71,125,2.14,62,56,350.0,196.0,198.14
143,27.8,1.71,125,2.14,62,57,350.0,199.5,201.64
144,27.8,1.71,125,2.14,60,5,350.0,17.5,19.64
145,27.8,1.71,125,2.14,62,54,350.0,189.0,191.14
146,27.8,1.71,125,2.14,62,46,350.0,161.0,163.14
147,27.8,1.71,125,2.14,62,57,350.0,199.5,201.64
148,27.8,1.71,125,2.14,63,51,350.0,178.5,180.64
149,27.8,1.71,125,2.14,63,53,350.0,185.5,187.64
150,27.8,1.71,125,2.14,63,53,350.0,185.5,187.64
151,27.8,1.71,125,2.14,63,52,350.0,182.0,184.14
152,27.8,1.71,125,2.14,63,52,350.0,182.0,184.14
153,27.8,1.71,125,2.14,63,57,350.0,199.5,201.64
154,27.8,1.71,125,2.14,63,50,350.0,175.0,177.14
155,27.8,1.71,125,2.14,63,52,350.0,182.0,184.14
156,27.8,1.71,125,2.14,63,50,350.0,175.0,177.14
157,27.8,1.71,125,2.14,63,51,350.0,178.5,180.64
158,27.8,1.71,125,2.14,64,51,350.0,178.5,180.64
159,27.8,1.71,125,2.14,64,56,350.0,196.0,198.14
160,27.8,1.71,125,2.14,64,48,350.0,168.0,170.14
161,27.8,1.71,125,2.14,64,56,350.0,196.0,198.14
162,27.8,1.71,125,2.14,64,52,350.0,182.0,184.14
163,27.8,1.71,125,2.14,64,48,350.0,168.0,170.14
164,27.8,1.71,125,2.14,64,54,350.0,189.0,191.14
165,27.8,1.71,125,2.14,64,50,350.0,175.0,177.14
166,27.8,1.71,125,2.14,64,51,350.0,178.5,180.64
167,27.8,1.71,125,2.14,64,45,350.0,157.5,159.64
168,27.8,1.71,125,2.14,64,51,350.0,178.5,180.64
169,27.8,1.71,125,2.14,64,54,350.0,189.0,191.14
170,27.8,1.71,125,2.14,64,48,350.0,168.0,170.14
171,27.8,1.71,125,2.14,65,55,350.0,192.5,194.64
172,27.8,1.71,125,2.14,64,39,350.0,136.5,138.64
173,27.8,1.71,125,2.14,65,50,350.0,175.0,177.14
174,27.8,1.71,125,2.14,64,39,350.0,136.5,138.64
175,27.8,1.71,125,2.14,65,48,350.0,168.0,170.14
176,27.8,1.71,125,2.14,64,48,350.0,168.0,170.14
177,27.8,1.71,125,2.14,65,54,350.0,189.0,191.14
178,27.8,1.71,125,2.14,65,46,350.0,161.0,163.14
179,27.8,1.71,125,2.14,65,53,350.0,185.5,187.64
180,27.8,1.71,125,2.14,65,52,350.0,182.0,184.14
181,27.8,1.71,125,2.14,65,52,350.0,182.0,184.14
182,27.8,1.71,125,2.14,65,49,350.0,171.5,173.64
183,27.8,1.71,125,2.14,65,53,350.0,185.5,187.64
184,27.8,1.71,125,2.14,65,50,350.0,175.0,177.14
185,27.8,1.71,125,2.14,65,53,350.0,185.5,187.64
186,27.8,1.71,125,2.14,65,44,350.0,154.0,156.14
187,27.8,1.71,125,2.14,65,49,350.0,171.5,173.64
188,27.8,1.71,125,2.14,65,49,350.0,171.5,173.64
189,27.8,1.71,125,2.14,65,45,350.0,157.5,159.64
190,27.8,1.71,125,2.14,65,50,350.0,175.0,177.14
191,27.8,1.71,125,2.14,65,37,350.0,129.5,131.64
192,27.8,1.71,125,2.14,65,50,350.0,175.0,177.14
193,27.8,1.71,125,2.14,65,48,350.0,168.0,170.14
194,27.8,1.71,125,2.14,65,50,350.0,175.0,177.14
195,27.8,1.71,125,2.14,66,48,350.0,168.0,170.14
196,27.8,1.71,125,2.14,66,52,350.0,182.0,184.14
197,27.8,1.71,125,2.14,66,51,350.0,178.5,180.64
198,27.8,1.71,125,2.14,61,56,350.0,196.0,198.14
199,27.8,1.71,125,2.14,62,50,350.0,175.0,177.14
200,27.8,1.71,125,2.14,60,0,350.0,0.0,2.14
201,27.8,1.71,125,2.14,59,0,350.0,0.0,2.14
202,27.8,1.71,125,2.14,59,9,350.0,31.5,33.64
203,27.8,1.71,125,2.14,58,8,350.0,28.0,30.14
204,27.8,1.71,125,2.14,63,55,350.0,192.5,194.64
205,27.8,1.71,125,2.14,62,45,350.0,157.5,159.64
206,27.8,1.71,125,2.14,63,52,350.0,182.0,184.14
207,27.8,1.71,125,2.14,63,53,350.0,185.5,187.64
208,27.8,1.71,125,2.14,63,52,350.0,182.0,184.14
209,27.8,1.71,125,2.14,64,54,350.0,189.0,191.14
210,27.8,1.71,125,2.14,63,23,350.0,80.5,82.64
211,27.8,1.71,125,2.14,64,53,350.0,185.5,187.64
212,27.8,1.71,125,2.14,63,54,350.0,189.0,191.14
213,27.8,1.71,125,2.14,64,50,350.0,175.0,177.14
214,27.8,1.71,125,2.14,64,42,350.0,147.0,149.14
215,27.8,1.71,125,2.14,64,51,350.0,178.5,180.64
216,27.8,1.71,125,2.14,65,56,350.0,196.0,198.14
217,27.8,1.71,125,2.14,65,47,350.0,164.5,166.64
218,27.8,1.71,125,2.14,65,56,350.0,196.0,198.14
219,27.8,1.72,125,2.14,65,55,350.0,192.5,194.64
220,27.8,1.72,125,2.14,64,26,350.0,91.0,93.14
221,27.8,1.72,125,2.14,65,49,350.0,171.5,173.64
222,27.8,1.72,125,2.14,65,53,350.0,185.5,187.64
223,27.8,1.72,125,2.14,63,12,350.0,42.0,44.14
224,27.8,1.72,125,2.14,65,53,350.0,185.5,187.64
225,27.8,1.72,125,2.14,65,55,350.0,192.5,194.64
226,27.8,1.72,125,2.14,65,56,350.0,196.0,198.14
227,27.8,1.72,125,2.14,66,51,350.0,178.5,180.64
228,27.8,1.72,125,2.14,66,55,350.0,192.5,194.64
229,27.8,1.72,125,2.14,65,24,350.0,84.0,86.14
230,27.8,1.72,125,2.14,66,52,350.0,182.0,184.14
231,27.8,1.72,125,2.14,66,51,350.0,178.5,180.64
232,27.8,1.72,125,2.14,64,45,350.0,157.5,159.64
233,27.8,1.72,125,2.14,66,48,350.0,168.0,170.14
234,27.8,1.72,125,2.14,65,47,350.0,164.5,166.64
235,27.8,1.72,125,2.14,66,46,350.0,161.0,163.14
236,27.8,1.72,125,2.14,66,53,350.0,185.5,187.64
237,27.8,1.72,125,2.14,66,55,350.0,192.5,194.64
238,27.8,1.72,125,2.14,66,54,350.0,189.0,191.14
239,27.8,1.72,125,2.14,66,52,350.0,182.0,184.14
240,27.8,1.72,125,2.14,66,44,350.0,154.0,156.14
241,27.8,1.72,125,2.14,66,51,350.0,178.5,180.64
242,27.8,1.72,125,2.14,66,51,350.0,178.5,180.64
243,27.8,1.72,125,2.14,67,51,350.0,178.5,180.64
244,27.8,1.72,125,2.14,66,54,350.0,189.0,191.14
245,27.8,1.72,125,2.14,66,51,350.0,178.5,180.64
246,27.8,1.72,125,2.14,66,50,350.0,175.0,177.14
247,27.8,1.72,125,2.14,66,49,350.0,171.5,173.64
248,27.8,1.72,125,2.14,66,49,350.0,171.5,173.64
249,27.8,1.72,125,2.14,65,32,350.0,112.0,114.14
250,27.8,1.72,125,2.14,67,50,350.0,175.0,177.14
251,27.8,1.72,125,2.14,66,50,350.0,175.0,177.14
252,27.8,1.72,125,2.14,67,49,350.0,171.5,173.64
253,27.8,1.72,125,2.14,67,50,350.0,175.0,177.14
254,27.8,1.72,125,2.14,66,44,350.0,154.0,156.14
255,27.8,1.72,125,2.14,67,48,350.0,168.0,170.14
256,27.8,1.72,125,2.14,66,42,350.0,147.0,149.14
257,27.8,1.72,125,2.14,67,41,350.0,143.5,145.64
258,27.8,1.72,125,2.14,67,52,350.0,182.0,184.14
259,27.8,1.72,125,2.14,67,46,350.0,161.0,163.14
260,27.8,1.72,125,2.14,67,49,350.0,171.5,173.64
261,27.8,1.72,125,2.14,67,51,350.0,178.5,180.64
262,27.8,1.72,125,2.14,67,51,350.0,178.5,180.64
263,27.8,1.72,125,2.14,67,52,350.0,182.0,184.14
264,27.8,1.72,125,2.14,67,48,350.0,168.0,170.14
265,27.8,1.72,125,2.14,68,48,350.0,168.0,170.14
266,27.8,1.72,125,2.15,47,48,350.0,168.0,170.15
267,27.8,1.72,125,2.15,45,19,350.0,66.5,68.65
268,27.8,1.72,125,2.15,45,0,350.0,0.0,2.15
269,27.8,1.72,125,2.15,44,11,350.0,38.5,40.65
270,27.8,1.72,125,2.15,44,6,350.0,21.0,23.15
271,27.8,1.72,125,2.15,48,57,350.0,199.5,201.65
272,27.8,1.72,125,2.15,48,23,350.0,80.5,82.65
273,27.8,1.72,125,2.15,49,40,350.0,140.0,142.15
274,27.8,1.72,125,2.15,51,54,350.0,189.0,191.15
275,27.8,1.72,125,2.15,51,54,350.0,189.0,191.15
276,27.8,1.72,125,2.15,51,55,350.0,192.5,194.65
277,27.8,1.72,125,2.15,50,52,350.0,182.0,184.15
278,27.8,1.72,125,2.15,52,52,350.0,182.0,184.15
279,27.8,1.72,125,2.15,51,15,350.0,52.5,54.65
280,27.8,1.72,125,2.15,52,57,350.0,199.5,201.65
281,27.8,1.72,125,2.15,52,44,350.0,154.0,156.15
282,27.8,1.72,125,2.15,53,54,350.0,189.0,191.15
283,27.8,1.72,125,2.15,53,54,350.0,189.0,191.15
284,27.8,1.72,125,2.15,54,58,350.0,203.0,205.15
285,27.8,1.72,125,2.15,54,58,350.0,203.0,205.15
286,27.8,1.72,125,2.15,54,54,350.0,189.0,191.15
287,27.8,1.72,125,2.15,54,33,350.0,115.5,117.65
288,27.8,1.72,125,2.15,55,55,350.0,192.5,194.65
289,27.8,1.72,125,2.15,55,54,350.0,189.0,191.15
290,27.8,1.72,125,2.15,53,5,350.0,17.5,19.65
291,27.8,1.72,125,2.15,55,54,350.0,189.0,191.15
292,27.8,1.72,125,2.15,56,57,350.0,199.5,201.65
293,27.8,1.72,125,2.15,56,55,350.0,192.5,194.65
294,27.8,1.72,125,2.15,56,56,350.0,196.0,198.15
295,27.8,1.72,125,2.15,56,54,350.0,189.0,191.15
296,27.8,1.72,125,2.15,56,56,350.0,196.0,198.15
297,27.8,1.72,125,2.15,55,56,350.0,196.0,198.15
298,27.8,1.72,125,2.15,57,55,350.0,192.5,194.65
299,27.8,1.72,125,2.15,56,9,350.0,31.5,33.65
300,27.8,1.72,125,2.15,57,53,350.0,185.5,187.65
301,27.8,1.72,125,2.15,57,46,350.0,161.0,163.15
302,27.8,1.72,125,2.15,58,55,350.0,192.5,194.65
303,27.8,1.72,125,2.15,57,52,350.0,182.0,184.15
304,27.8,1.72,125,2.15,58,54,350.0,189.0,191.15
305,27.8,1.72,125,2.15,58,52,350.0,182.0,184.15
306,27.8,1.72,125,2.15,58,39,350.0,136.5,138.65
307,27.8,1.72,125,2.15,58,51,350.0,178.5,180.65
308,27.8,1.72,125,2.15,58,44,350.0,154.0,156.15
309,27.8,1.72,125,2.15,58,49,350.0,171.5,173.65
310,27.8,1.72,125,2.15,58,55,350.0,192.5,194.65
311,27.8,1.72,125,2.15,59,51,350.0,178.5,180.65
312,27.8,1.72,125,2.15,58,45,350.0,157.5,159.65
313,27.8,1.72,125,2.15,59,54,350.0,189.0,191.15
314,27.8,1.72,125,2.15,59,55,350.0,192.5,194.65
315,27.8,1.72,125,2.15,58,49,350.0,171.5,173.65
316,27.8,1.72,125,2.15,59,49,350.0,171.5,173.65
317,27.8,1.72,125,2.15,60,54,350.0,189.0,191.15
318,27.8,1.72,125,2.15,59,45,350.0,157.5,159.65
319,27.8,1.72,125,2.15,60,49,350.0,171.5,173.65
320,27.8,1.72,125,2.15,60,47,350.0,164.5,166.65
321,27.8,1.72,125,2.15,60,51,350.0,178.5,180.65
322,27.8,1.72,125,2.15,60,41,350.0,143.5,145.65
323,27.8,1.72,125,2.15,60,50,350.0,175.0,177.15
324,27.8,1.72,125,2.15,60,52,350.0,182.0,184.15
325,27.8,1.72,125,2.15,60,51,350.0,178.5,180.65
326,27.8,1.72,125,2.15,59,33,350.0,115.5,117.65
327,27.8,1.72,125,2.15,60,50,350.0,175.0,177.15
328,27.8,1.72,125,2.15,59,42,350.0,147.0,149.15
329,27.8,1.72,125,2.15,61,50,350.0,175.0,177.15
330,27.8,1.72,125,2.15,61,50,350.0,175.0,177.15
331,27.8,1.72,125,2.15,60,49,350.0,171.5,173.65
332,27.8,1.72,125,2.15,58,0,350.0,0.0,2.15
333,27.8,1.72,125,2.15,59,50,350.0,175.0,177.15
334,27.8,1.72,125,2.15,58,51,350.0,178.5,180.65
335,27.8,1.72,125,2.15,57,0,350.0,0.0,2.15
336,27.8,1.72,125,2.15,56,0,350.0,0.0,2.15
337,27.8,1.72,125,2.15,56,18,350.0,63.0,65.15
338,27.8,1.72,125,2.15,57,50,350.0,175.0,177.15
339,27.8,1.72,125,2.15,60,59,350.0,206.5,208.65
340,27.8,1.72,125,2.15,59,44,350.0,154.0,156.15
341,27.8,1.72,125,2.15,60,56,350.0,196.0,198.15
342,27.8,1.72,125,2.15,60,53,350.0,185.5,187.65
343,27.8,1.72,125,2.15,61,51,350.0,178.5,180.65
344,27.8,1.72,125,2.15,61,52,350.0,182.0,184.15
345,27.8,1.72,125,2.15,61,57,350.0,199.5,201.65
346,27.8,1.72,125,2.15,60,44,350.0,154.0,156.15
347,27.8,1.72,125,2.15,61,49,350.0,171.5,173.65
348,27.8,1.72,125,2.15,61,43,350.0,150.5,152.65
349,27.8,1.72,125,2.15,62,57,350.0,199.5,201.65
350,27.8,1.72,125,2.15,61,51,350.0,178.5,180.65
351,27.8,1.72,125,2.15,62,49,350.0,171.5,173.65
352,27.8,1.72,125,2.15,62,57,350.0,199.5,201.65
353,27.8,1.72,125,2.15,61,48,350.0,168.0,170.15
354,27.8,1.72,125,2.15,62,53,350.0,185.5,187.65
355,27.8,1.72,125,2.15,62,52,350.0,182.0,184.15
356,27.8,1.72,125,2.15,62,43,350.0,150.5,152.65
357,27.8,1.72,125,2.15,62,55,350.0,192.5,194.65
358,27.8,1.72,125,2.15,62,39,350.0,136.5,138.65
359,27.8,1.72,125,2.15,63,54,350.0,189.0,191.15
360,27.8,1.72,125,2.15,63,51,350.0,178.5,180.65
361,27.8,1.72,125,2.15,63,54,350.0,189.0,191.15
362,27.8,1.72,125,2.15,62,50,350.0,175.0,177.15
363,27.8,1.72,125,2.15,63,56,350.0,196.0,198.15
364,27.8,1.72,125,2.15,63,55,350.0,192.5,194.65
365,27.8,1.72,125,2.15,62,38,350.0,133.0,135.15
366,27.8,1.72,125,2.15,64,52,350.0,182.0,184.15
367,27.8,1.72,125,2.15,63,25,350.0,87.5,89.65
368,27.8,1.72,125,2.15,63,55,350.0,192.5,194.65
369,27.8,1.72,125,2.15,63,44,350.0,154.0,156.15
370,27.8,1.72,125,2.15,64,49,350.0,171.5,173.65
371,27.8,1.72,125,2.15,64,48,350.0,168.0,170.15
372,27.8,1.72,125,2.15,64,51,350.0,178.5,180.65
373,27.8,1.72,125,2.15,64,54,350.0,189.0,191.15
374,27.8,1.72,125,2.15,63,44,350.0,154.0,156.15
375,27.8,1.72,125,2.15,64,52,350.0,182.0,184.15
376,27.8,1.72,125,2.15,63,50,350.0,175.0,177.15
377,27.8,1.72,125,2.15,64,54,350.0,189.0,191.15
378,27.8,1.72,125,2.15,63,5,350.0,17.5,19.65
379,27.8,1.72,125,2.15,64,52,350.0,182.0,184.15
380,27.8,1.72,125,2.15,64,45,350.0,157.5,159.65
381,27.8,1.72,125,2.15,65,49,350.0,171.5,173.65
382,27.8,1.72,125,2.15,64,36,350.0,126.0,128.15
383,27.8,1.72,125,2.15,65,50,350.0,175.0,177.15
384,27.8,1.72,125,2.15,64,49,350.0,171.5,173.65
385,27.8,1.72,125,2.15,64,53,350.0,185.5,187.65
386,27.8,1.72,125,2.15,65,51,350.0,178.5,180.65
387,27.8,1.72,125,2.15,65,50,350.0,175.0,177.15
388,27.8,1.72,125,2.15,65,43,350.0,150.5,152.65
389,27.8,1.72,125,2.15,65,50,350.0,175.0,177.15
390,27.8,1.72,125,2.15,65,53,350.0,185.5,187.65
391,27.8,1.72,125,2.15,64,45,350.0,157.5,159.65
392,27.8,1.72,125,2.15,65,48,350.0,168.0,170.15
393,27.8,1.72,125,2.15,63,5,350.0,17.5,19.65
394,27.8,1.72,125,2.15,65,48,350.0,168.0,170.15
395,27.8,1.72,125,2.15,64,5,350.0,17.5,19.65
396,27.8,1.72,125,2.15,65,48,350.0,168.0,170.15
397,27.8,1.72,125,2.15,65,51,350.0,178.5,180.65
398,27.8,1.72,125,2.15,65,50,350.0,175.0,177.15
399,27.8,1.72,125,2.15,66,51,350.0,178.5,180.65
400,27.8,1.72,125,2.15,63,0,350.0,0.0,2.15
401,27.8,1.72,125,2.15,61,40,350.0,140.0,142.15
402,27.8,1.72,125,2.15,60,0,350.0,0.0,2.15
403,27.8,1.72,125,2.15,58,0,350.0,0.0,2.15
404,27.8,1.72,125,2.15,59,16,350.0,56.0,58.15
405,27.8,1.72,125,2.15,60,57,350.0,199.5,201.65
406,27.8,1.72,125,2.15,63,57,350.0,199.5,201.65
407,27.8,1.72,125,2.15,62,28,350.0,98.0,100.15
408,27.8,1.72,125,2.15,63,52,350.0,182.0,184.15
409,27.8,1.72,125,2.15,63,49,350.0,171.5,173.65
410,27.8,1.72,125,2.15,64,58,350.0,203.0,205.15
411,27.8,1.72,125,2.15,64,52,350.0,182.0,184.15
412,27.8,1.72,125,2.15,64,57,350.0,199.5,201.65
413,27.8,1.72,125,2.15,64,45,350.0,157.5,159.65
414,27.8,1.72,125,2.15,64,51,350.0,178.5,180.65
415,27.8,1.72,125,2.15,64,47,350.0,164.5,166.65
416,27.8,1.72,125,2.15,64,50,350.0,175.0,177.15
417,27.8,1.72,125,2.15,64,53,350.0,185.5,187.65
418,27.8,1.72,125,2.15,65,56,350.0,196.0,198.15
419,27.8,1.72,125,2.15,65,55,350.0,192.5,194.65
420,27.8,1.72,125,2.15,63,52,350.0,182.0,184.15
421,27.8,1.72,125,2.15,65,56,350.0,196.0,198.15
422,27.8,1.72,125,2.15,65,53,350.0,185.5,187.65
423,27.8,1.72,125,2.15,65,57,350.0,199.5,201.65
424,27.8,1.72,125,2.15,65,54,350.0,189.0,191.15
425,27.8,1.72,125,2.15,65,16,350.0,56.0,58.15
426,27.8,1.72,125,2.15,65,50,350.0,175.0,177.15
427,27.8,1.72,125,2.15,66,57,350.0,199.5,201.65
428,27.8,1.72,125,2.15,66,47,350.0,164.5,166.65
429,27.8,1.72,125,2.15,65,52,350.0,182.0,184.15
430,27.8,1.72,125,2.15,66,51,350.0,178.5,180.65
431,27.8,1.72,125,2.15,65,53,350.0,185.5,187.65
432,27.8,1.72,125,2.15,66,56,350.0,196.0,198.15
433,27.8,1.72,125,2.15,66,54,350.0,189.0,191.15
434,27.8,1.72,125,2.15,64,4,350.0,14.0,16.15
435,27.8,1.72,125,2.15,66,52,350.0,182.0,184.15
436,27.8,1.72,125,2.15,65,44,350.0,154.0,156.15
437,27.8,1.72,125,2.15,66,55,350.0,192.5,194.65
438,27.8,1.72,125,2.15,66,42,350.0,147.0,149.15
439,27.8,1.72,125,2.15,66,51,350.0,178.5,180.65
440,27.8,1.72,125,2.15,66,52,350.0,182.0,184.15
441,27.8,1.72,125,2.15,66,43,350.0,150.5,152.65
442,27.8,1.72,125,2.15,66,51,350.0,178.5,180.65
443,27.8,1.72,125,2.15,67,53,350.0,185.5,187.65
444,27.8,1.72,125,2.15,67,53,350.0,185.5,187.65
445,27.8,1.72,125,2.15,64,5,350.0,17.5,19.65
446,27.8,1.72,125,2.15,67,50,350.0,175.0,177.15
447,27.8,1.72,125,2.15,66,45,350.0,157.5,159.65
448,27.8,1.72,125,2.15,66,50,350.0,175.0,177.15
449,27.8,1.72,125,2.15,66,24,350.0,84.0,86.15
450,27.8,1.72,125,2.15,67,52,350.0,182.0,184.15
451,27.8,1.72,125,2.15,66,53,350.0,185.5,187.65
452,27.8,1.72,125,2.15,67,51,350.0,178.5,180.65
453,27.8,1.72,125,2.15,67,52,350.0,182.0,184.15
454,27.8,1.72,125,2.15,67,51,350.0,178.5,180.65
455,27.8,1.72,125,2.15,67,49,350.0,171.5,173.65
456,27.8,1.72,125,2.15,67,45,350.0,157.5,159.65
457,27.8,1.72,125,2.15,67,52,350.0,182.0,184.15
458,27.8,1.72,125,2.15,67,43,350.0,150.5,152.65
459,27.8,1.72,125,2.15,67,51,350.0,178.5,180.65
460,27.8,1.72,125,2.15,66,31,350.0,108.5,110.65
461,27.8,1.72,125,2.15,67,50,350.0,175.0,177.15
462,27.8,1.72,125,2.15,65,17,350.0,59.5,61.65
463,27.8,1.72,125,2.15,68,53,350.0,185.5,187.65
464,27.8,1.72,125,2.15,67,51,350.0,178.5,180.65
465,27.8,1.72,125,2.15,68,50,350.0,175.0,177.15
466,27.8,1.72,125,2.15,68,49,350.0,171.5,173.65
467,27.8,1.72,125,2.15,56,54,350.0,189.0,191.15
468,27.8,1.72,125,2.15,58,49,350.0,171.5,173.65
469,27.8,1.72,125,2.15,55,0,350.0,0.0,2.15
470,27.8,1.72,125,2.15,54,0,350.0,0.0,2.15
471,27.8,1.72,125,2.15,54,7,350.0,24.5,26.65
472,27.8,1.72,125,2.15,54,7,350.0,24.5,26.65
473,27.8,1.72,125,2.15,58,53,350.0,185.5,187.65
474,27.8,1.72,125,2.15,58,45,350.0,157.5,159.65
475,27.8,1.72,125,2.15,59,53,350.0,185.5,187.65
476,27.8,1.72,125,2.15,59,53,350.0,185.5,187.65
477,27.8,1.72,125,2.15,60,54,350.0,189.0,191.15
478,27.8,1.72,125,2.15,60,53,350.0,185.5,187.65
479,27.8,1.72,125,2.15,60,40,350.0,140.0,142.15
480,27.8,1.72,125,2.15,60,52,350.0,182.0,184.15
481,27.8,1.72,125,2.15,60,51,350.0,178.5,180.65
482,27.8,1.72,125,2.15,61,50,350.0,175.0,177.15
483,27.8,1.72,125,2.15,61,45,350.0,157.5,159.65
484,27.8,1.72,125,2.15,61,55,350.0,192.5,194.65
485,27.8,1.72,125,2.15,62,56,350.0,196.0,198.15
486,27.8,1.72,125,2.15,61,48,350.0,168.0,170.15
487,27.8,1.72,125,2.15,62,53,350.0,185.5,187.65
488,27.8,1.72,125,2.15,62,50,350.0,175.0,177.15
489,27.8,1.72,125,2.15,60,10,350.0,35.0,37.15
490,27.8,1.72,125,2.15,62,51,350.0,178.5,180.65
491,27.8,1.72,125,2.15,63,55,350.0,192.5,194.65
492,27.8,1.72,125,2.15,61,38,350.0,133.0,135.15
493,27.8,1.72,125,2.15,62,50,350.0,175.0,177.15
494,27.8,1.72,125,2.15,63,54,350.0,189.0,191.15
495,27.8,1.72,125,2.15,63,53,350.0,185.5,187.65
496,27.8,1.72,125,2.15,63,55,350.0,192.5,194.65
497,27.8,1.72,125,2.15,63,51,350.0,178.5,180.65
498,27.8,1.72,125,2.15,62,42,350.0,147.0,149.15
499,27.8,1.72,125,2.15,64,48,350.0,168.0,170.15
500,27.8,1.72,125,2.15,64,54,350.0,189.0,191.15
501,27.8,1.72,125,2.15,63,54,350.0,189.0,191.15
502,27.8,1.72,125,2.15,64,49,350.0,171.5,173.65
503,27.8,1.72,125,2.15,63,45,350.0,157.5,159.65
504,27.8,1.72,125,2.15,64,50,350.0,175.0,177.15
505,27.8,1.72,125,2.15,64,52,350.0,182.0,184.15
506,27.8,1.72,125,2.15,64,55,350.0,192.5,194.65
507,27.8,1.72,125,2.15,64,50,350.0,175.0,177.15
508,27.8,1.72,125,2.15,65,52,350.0,182.0,184.15
509,27.8,1.72,125,2.15,64,44,350.0,154.0,156.15
510,27.8,1.72,125,2.15,65,54,350.0,189.0,191.15
511,27.8,1.72,125,2.15,65,51,350.0,178.5,180.65
512,27.8,1.72,125,2.15,65,54,350.0,189.0,191.15
513,27.8,1.72,125,2.15,65,48,350.0,168.0,170.15
514,27.8,1.72,125,2.15,65,42,350.0,147.0,149.15
515,27.8,1.72,125,2.15,65,46,350.0,161.0,163.15
516,27.8,1.72,125,2.15,65,49,350.0,171.5,173.65
517,27.8,1.72,125,2.15,65,53,350.0,185.5,187.65
518,27.8,1.72,125,2.15,64,52,350.0,182.0,184.15
519,27.8,1.72,125,2.15,66,48,350.0,168.0,170.15
520,27.8,1.72,125,2.15,66,51,350.0,178.5,180.65
521,27.8,1.72,125,2.15,66,49,350.0,171.5,173.65
522,27.8,1.72,125,2.15,66,49,350.0,171.5,173.65
523,27.8,1.72,125,2.15,66,44,350.0,154.0,156.15
524,27.8,1.72,125,2.15,66,49,350.0,171.5,173.65
525,27.8,1.72,125,2.15,66,47,350.0,164.5,166.65
526,27.8,1.72,125,2.15,65,43,350.0,150.5,152.65
527,27.8,1.72,125,2.15,66,48,350.0,168.0,170.15
528,27.8,1.72,125,2.15,65,5,350.0,17.5,19.65
529,27.8,1.72,125,2.15,66,48,350.0,168.0,170.15
530,27.8,1.72,125,2.15,66,48,350.0,168.0,170.15
531,27.8,1.72,125,2.15,66,50,350.0,175.0,177.15
532,27.8,1.72,125,2.15,66,48,350.0,168.0,170.15
533,27.8,1.72,125,2.15,67,44,350.0,154.0,156.15
534,27.8,1.72,125,2.15,67,48,350.0,168.0,170.15
535,27.8,1.72,125,2.15,63,49,350.0,171.5,173.65
536,27.8,1.72,125,2.15,64,50,350.0,175.0,177.15
537,27.8,1.72,125,2.15,62,0,350.0,0.0,2.15
538,27.8,1.72,125,2.15,60,0,350.0,0.0,2.15
539,27.8,1.72,125,2.15,60,5,350.0,17.5,19.65
540,27.8,1.72,125,2.15,60,7,350.0,24.5,26.65
541,27.8,1.72,125,2.15,64,54,350.0,189.0,191.15
542,27.8,1.72,125,2.15,64,45,350.0,157.5,159.65
543,27.8,1.72,125,2.15,64,57,350.0,199.5,201.65
544,27.8,1.72,125,2.15,65,48,350.0,168.0,170.15
545,27.8,1.72,125,2.15,65,57,350.0,199.5,201.65
546,27.8,1.72,125,2.15,65,57,350.0,199.5,201.65
547,27.8,1.72,125,2.15,65,54,350.0,189.0,191.15
548,27.8,1.72,125,2.15,66,53,350.0,185.5,187.65
549,27.8,1.72,125,2.15,65,57,350.0,199.5,201.65
550,27.8,1.72,125,2.15,65,54,350.0,189.0,191.15
551,27.8,1.72,125,2.15,66,50,350.0,175.0,177.15
552,27.8,1.72,125,2.15,66,52,350.0,182.0,184.15
553,27.8,1.72,125,2.15,66,54,350.0,189.0,191.15
554,27.8,1.72,125,2.15,66,56,350.0,196.0,198.15
555,27.8,1.72,125,2.15,67,57,350.0,199.5,201.65
556,27.8,1.72,125,2.15,66,49,350.0,171.5,173.65
557,27.8,1.72,125,2.15,66,49,350.0,171.5,173.65
558,27.8,1.72,125,2.15,67,53,350.0,185.5,187.65
559,27.8,1.72,125,2.15,67,51,350.0,178.5,180.65
560,27.8,1.72,125,2.15,64,5,350.0,17.5,19.65
561,27.8,1.72,125,2.15,67,56,350.0,196.0,198.15
562,27.8,1.72,125,2.15,67,54,350.0,189.0,191.15
563,27.8,1.72,125,2.15,67,47,350.0,164.5,166.65
564,27.8,1.72,125,2.15,67,55,350.0,192.5,194.65
565,27.8,1.72,125,2.15,68,54,350.0,189.0,191.15
566,27.8,1.72,125,2.15,67,53,350.0,185.5,187.65
567,27.8,1.72,125,2.15,68,58,350.0,203.0,205.15
568,27.8,1.72,125,2.15,68,51,350.0,178.5,180.65
569,27.8,1.72,125,2.15,67,7,350.0,24.5,26.65
570,27.8,1.72,125,2.15,68,56,350.0,196.0,198.15
571,27.8,1.72,125,2.15,67,44,350.0,154.0,156.15
572,27.8,1.72,125,2.15,68,48,350.0,168.0,170.15
573,27.8,1.72,125,2.15,67,56,350.0,196.0,198.15
574,27.8,1.72,125,2.15,68,52,350.0,182.0,184.15
575,27.8,1.72,125,2.15,68,56,350.0,196.0,198.15
576,27.8,1.72,125,2.15,68,46,350.0,161.0,163.15
577,27.8,1.72,125,2.15,68,54,350.0,189.0,191.15
578,27.8,1.72,125,2.15,68,24,350.0,84.0,86.15
579,27.8,1.72,125,2.15,68,50,350.0,175.0,177.15
580,27.8,1.72,125,2.15,68,52,350.0,182.0,184.15
581,27.8,1.72,125,2.15,68,50,350.0,175.0,177.15
582,27.8,1.72,125,2.15,68,47,350.0,164.5,166.65
583,27.8,1.72,125,2.15,68,54,350.0,189.0,191.15
584,27.8,1.72,125,2.15,68,55,350.0,192.5,194.65
585,27.8,1.72,125,2.15,67,53,350.0,185.5,187.65
586,27.8,1.72,125,2.15,68,55,350.0,192.5,194.65
587,27.8,1.72,125,2.15,69,54,350.0,189.0,191.15
588,27.8,1.72,125,2.15,68,55,350.0,192.5,194.65
589,27.8,1.72,125,2.15,69,52,350.0,182.0,184.15
590,27.8,1.72,125,2.15,68,43,350.0,150.5,152.65
591,27.8,1.72,125,2.15,69,52,350.0,182.0,184.15
592,27.8,1.72,125,2.15,68,44,350.0,154.0,156.15
593,27.8,1.72,125,2.15,69,48,350.0,168.0,170.15
594,27.8,1.72,125,2.15,69,54,350.0,189.0,191.15
595,27.8,1.72,125,2.15,69,49,350.0,171.5,173.65
596,27.8,1.72,125,2.15,68,51,350.0,178.5,180.65
597,27.8,1.72,125,2.15,69,49,350.0,171.5,173.65
598,27.8,1.72,125,2.15,68,38,350.0,133.0,135.15
599,27.8,1.72,125,2.15,69,51,350.0,178.5,180.65
600,27.8,1.72,125,2.15,69,53,350.0,185.5,187.65
601,27.8,1.72,125,2.15,67,6,350.0,21.0,23.15
602,27.8,1.72,125,2.15,52,53,350.0,185.5,187.65
603,27.8,1.72,125,2.15,52,41,350.0,143.5,145.65
604,27.8,1.72,125,2.15,51,0,350.0,0.0,2.15
605,27.8,1.72,125,2.15,50,0,350.0,0.0,2.15
606,27.8,1.72,125,2.15,50,18,350.0,63.0,65.15
607,27.8,1.72,125,2.15,51,33,350.0,115.5,117.65
608,27.8,1.72,125,2.15,54,55,350.0,192.5,194.65
609,27.8,1.72,125,2.15,55,46,350.0,161.0,163.15
610,27.8,1.72,125,2.15,55,45,350.0,157.5,159.65
611,27.8,1.72,125,2.15,56,48,350.0,168.0,170.15
612,27.8,1.72,125,2.15,57,54,350.0,189.0,191.15
613,27.8,1.72,125,2.15,57,55,350.0,192.5,194.65
614,27.8,1.72,125,2.15,57,51,350.0,178.5,180.65
615,27.8,1.72,125,2.15,57,50,350.0,175.0,177.15
616,27.8,1.72,125,2.15,57,57,350.0,199.5,201.65
617,27.8,1.72,125,2.15,57,45,350.0,157.5,159.65
618,27.8,1.72,125,2.15,58,51,350.0,178.5,180.65
619,27.8,1.72,125,2.15,58,53,350.0,185.5,187.65
620,27.8,1.72,125,2.15,58,57,350.0,199.5,201.65
621,27.8,1.72,125,2.15,59,52,350.0,182.0,184.15
622,27.8,1.72,125,2.15,58,42,350.0,147.0,149.15
623,27.8,1.72,125,2.15,59,55,350.0,192.5,194.65
624,27.8,1.72,125,2.15,59,57,350.0,199.5,201.65
625,27.8,1.72,125,2.15,59,44,350.0,154.0,156.15
626,27.8,1.72,125,2.15,60,54,350.0,189.0,191.15
627,27.8,1.72,125,2.15,60,56,350.0,196.0,198.15
628,27.8,1.72,125,2.15,60,54,350.0,189.0,191.15
629,27.8,1.72,125,2.15,61,53,350.0,185.5,187.65
630,27.8,1.72,125,2.15,61,56,350.0,196.0,198.15
631,27.8,1.72,125,2.15,61,54,350.0,189.0,191.15
632,27.8,1.72,125,2.15,61,53,350.0,185.5,187.65
633,27.8,1.72,125,2.15,61,54,350.0,189.0,191.15
634,27.8,1.72,125,2.15,61,27,350.0,94.5,96.65
635,27.8,1.72,125,2.15,61,55,350.0,192.5,194.65
636,27.8,1.72,125,2.15,61,47,350.0,164.5,166.65
637,27.8,1.72,125,2.15,62,52,350.0,182.0,184.15
638,27.8,1.72,125,2.15,61,44,350.0,154.0,156.15
639,27.8,1.72,125,2.15,62,50,350.0,175.0,177.15
640,27.8,1.72,125,2.15,62,52,350.0,182.0,184.15
641,27.8,1.72,125,2.15,62,52,350.0,182.0,184.15
642,27.8,1.72,125,2.15,63,54,350.0,189.0,191.15
643,27.8,1.72,125,2.15,62,44,350.0,154.0,156.15
644,27.8,1.72,125,2.15,62,52,350.0,182.0,184.15
645,27.8,1.72,125,2.15,62,25,350.0,87.5,89.65
646,27.8,1.72,125,2.15,63,51,350.0,178.5,180.65
647,27.8,1.72,125,2.15,62,18,350.0,63.0,65.15
648,27.8,1.72,125,2.15,63,51,350.0,178.5,180.65
649,27.8,1.72,125,2.15,63,40,350.0,140.0,142.15
650,27.8,1.72,125,2.15,63,54,350.0,189.0,191.15
651,27.8,1.72,125,2.15,63,51,350.0,178.5,180.65
652,27.8,1.72,125,2.15,64,53,350.0,185.5,187.65
653,27.8,1.72,125,2.15,64,53,350.0,185.5,187.65
654,27.8,1.72,125,2.15,64,44,350.0,154.0,156.15
655,27.8,1.72,125,2.15,64,48,350.0,168.0,170.15
656,27.8,1.72,125,2.15,64,49,350.0,171.5,173.65
657,27.8,1.72,125,2.15,64,44,350.0,154.0,156.15
658,27.8,1.72,125,2.15,64,52,350.0,182.0,184.15
659,27.8,1.72,125,2.15,65,53,350.0,185.5,187.65
660,27.8,1.72,125,2.15,64,44,350.0,154.0,156.15
661,27.8,1.72,125,2.15,64,51,350.0,178.5,180.65
662,27.8,1.72,125,2.15,63,8,350.0,28.0,30.15
663,27.8,1.72,125,2.15,65,53,350.0,185.5,187.65
664,27.8,1.72,125,2.16,64,19,350.0,66.5,68.66
665,27.8,1.72,125,2.16,65,49,350.0,171.5,173.66
666,27.8,1.72,125,2.16,65,52,350.0,182.0,184.16
667,27.8,1.72,125,2.16,65,48,350.0,168.0,170.16
668,27.8,1.72,125,2.16,65,52,350.0,182.0,184.16
669,27.8,1.72,125,2.16,50,48,350.0,168.0,170.16
670,27.8,1.72,125,2.16,49,1,350.0,3.5,5.66
671,27.8,1.72,125,2.16,49,0,350.0,0.0,2.16
672,27.8,1.72,125,2.16,47,0,350.0,0.0,2.16
673,27.8,1.72,125,2.16,48,18,350.0,63.0,65.16
674,27.8,1.72,125,2.16,49,63,350.0,220.5,222.66
675,27.8,1.72,125,2.16,53,59,350.0,206.5,208.66
676,27.8,1.72,125,2.16,52,46,350.0,161.0,163.16
677,27.8,1.72,125,2.16,53,54,350.0,189.0,191.16
678,27.8,1.72,125,2.16,54,54,350.0,189.0,191.16
679,27.8,1.72,125,2.16,54,54,350.0,189.0,191.16
680,27.8,1.72,125,2.16,54,49,350.0,171.5,173.66
681,27.8,1.72,125,2.16,55,51,350.0,178.5,180.66
682,27.8,1.72,125,2.16,53,57,350.0,199.5,201.66
683,27.8,1.72,125,2.16,55,54,350.0,189.0,191.16
684,27.8,1.72,125,2.16,55,44,350.0,154.0,156.16
685,27.8,1.72,125,2.16,56,55,350.0,192.5,194.66
686,27.8,1.72,125,2.16,56,54,350.0,189.0,191.16
687,27.8,1.72,125,2.16,56,51,350.0,178.5,180.66
688,27.8,1.72,125,2.16,57,55,350.0,192.5,194.66
689,27.8,1.72,125,2.16,56,42,350.0,147.0,149.16
690,27.8,1.72,125,2.16,57,50,350.0,175.0,177.16
691,27.8,1.72,125,2.16,57,50,350.0,175.0,177.16
692,27.8,1.72,125,2.16,57,48,350.0,168.0,170.16
693,27.8,1.72,125,2.16,58,51,350.0,178.5,180.66
694,27.8,1.72,125,2.16,57,37,350.0,129.5,131.66
695,27.8,1.72,125,2.16,58,51,350.0,178.5,180.66
696,27.8,1.72,125,2.16,59,55,350.0,192.5,194.66
697,27.8,1.72,125,2.16,58,52,350.0,182.0,184.16
698,27.8,1.72,125,2.16,59,49,350.0,171.5,173.66
699,27.8,1.72,125,2.16,59,55,350.0,192.5,194.66
700,27.8,1.72,125,2.16,59,52,350.0,182.0,184.16
701,27.8,1.72,125,2.16,59,51,350.0,178.5,180.66
702,27.8,1.72,125,2.16,59,49,350.0,171.5,173.66
703,27.8,1.72,125,2.16,59,11,350.0,38.5,40.66
704,27.8,1.72,125,2.16,60,50,350.0,175.0,177.16
705,27.8,1.72,125,2.16,59,44,350.0,154.0,156.16
706,27.8,1.72,125,2.16,60,49,350.0,171.5,173.66
707,27.8,1.72,125,2.16,60,22,350.0,77.0,79.16
708,27.8,1.72,125,2.16,60,55,350.0,192.5,194.66
709,27.8,1.72,125,2.16,60,52,350.0,182.0,184.16
710,27.8,1.72,125,2.16,60,43,350.0,150.5,152.66
711,27.8,1.72,125,2.16,61,54,350.0,189.0,191.16
712,27.8,1.72,125,2.16,61,52,350.0,182.0,184.16
713,27.8,1.72,125,2.16,61,51,350.0,178.5,180.66
714,27.8,1.73,125,2.16,59,5,350.0,17.5,19.66
715,27.8,1.73,125,2.16,61,50,350.0,175.0,177.16
716,27.8,1.73,125,2.16,61,43,350.0,150.5,152.66
717,27.8,1.73,125,2.16,61,51,350.0,178.5,180.66
718,27.8,1.73,125,2.16,60,32,350.0,112.0,114.16
719,27.8,1.73,125,2.16,61,52,350.0,182.0,184.16
720,27.8,1.73,125,2.16,62,51,350.0,178.5,180.66
721,27.8,1.73,125,2.16,62,51,350.0,178.5,180.66
722,27.8,1.73,125,2.16,62,48,350.0,168.0,170.16
723,27.8,1.73,125,2.16,62,48,350.0,168.0,170.16
724,27.8,1.73,125,2.16,62,48,350.0,168.0,170.16
725,27.8,1.73,125,2.16,62,40,350.0,140.0,142.16
726,27.8,1.73,125,2.16,62,52,350.0,182.0,184.16
727,27.8,1.73,125,2.16,62,43,350.0,150.5,152.66
728,27.8,1.73,125,2.16,63,51,350.0,178.5,180.66
729,27.8,1.73,125,2.16,62,51,350.0,178.5,180.66
730,27.8,1.73,125,2.16,63,52,350.0,182.0,184.16
731,27.8,1.73,125,2.16,61,40,350.0,140.0,142.16
732,27.8,1.73,125,2.16,63,48,350.0,168.0,170.16
733,27.8,1.73,125,2.16,63,22,350.0,77.0,79.16
734,27.8,1.73,125,2.16,63,49,350.0,171.5,173.66
735,27.8,1.73,125,2.16,63,48,350.0,168.0,170.16
736,27.8,1.73,125,2.16,62,5,350.0,17.5,19.66
737,27.8,1.73,125,2.16,61,51,350.0,178.5,180.66
738,27.8,1.73,125,2.16,60,47,350.0,164.5,166.66
739,27.8,1.73,125,2.16,59,0,350.0,0.0,2.16
740,27.8,1.73,125,2.16,57,0,350.0,0.0,2.16
741,27.8,1.73,125,2.16,58,17,350.0,59.5,61.66
742,27.8,1.73,125,2.16,60,52,350.0,182.0,184.16
743,27.8,1.73,125,2.16,62,58,350.0,203.0,205.16
744,27.8,1.73,125,2.16,61,44,350.0,154.0,156.16
745,27.8,1.73,125,2.16,62,53,350.0,185.5,187.66
746,27.8,1.73,125,2.16,62,56,350.0,196.0,198.16
747,27.8,1.73,125,2.16,63,48,350.0,168.0,170.16
748,27.8,1.73,125,2.16,63,52,350.0,182.0,184.16
749,27.8,1.73,125,2.16,63,51,350.0,178.5,180.66
750,27.8,1.73,125,2.16,62,42,350.0,147.0,149.16
751,27.8,1.73,125,2.16,63,51,350.0,178.5,180.66
752,27.8,1.73,125,2.16,63,47,350.0,164.5,166.66
753,27.8,1.73,125,2.16,64,52,350.0,182.0,184.16
754,27.8,1.73,125,2.16,64,59,350.0,206.5,208.66
755,27.8,1.73,125,2.16,64,54,350.0,189.0,191.16
756,27.8,1.73,125,2.16,64,57,350.0,199.5,201.66
757,27.8,1.73,125,2.16,64,40,350.0,140.0,142.16
758,27.8,1.73,125,2.16,65,53,350.0,185.5,187.66
759,27.8,1.73,125,2.16,65,54,350.0,189.0,191.16
760,27.8,1.73,125,2.16,65,45,350.0,157.5,159.66
761,27.8,1.73,125,2.16,65,56,350.0,196.0,198.16
762,27.8,1.73,125,2.16,65,53,350.0,185.5,187.66
763,27.8,1.73,125,2.16,64,56,350.0,196.0,198.16
764,27.8,1.73,125,2.16,65,58,350.0,203.0,205.16
765,27.8,1.73,125,2.16,65,54,350.0,189.0,191.16
766,27.8,1.73,125,2.16,65,51,350.0,178.5,180.66
767,27.8,1.73,125,2.16,66,57,350.0,199.5,201.66
768,27.8,1.73,125,2.16,65,52,350.0,182.0,184.16
769,27.8,1.73,125,2.16,66,56,350.0,196.0,198.16
770,27.8,1.73,125,2.16,66,56,350.0,196.0,198.16
771,27.8,1.73,125,2.16,65,54,350.0,189.0,191.16
772,27.8,1.73,125,2.16,65,55,350.0,192.5,194.66
773,27.8,1.73,125,2.16,66,53,350.0,185.5,187.66
774,27.8,1.73,125,2.16,66,54,350.0,189.0,191.16
775,27.8,1.73,125,2.16,66,54,350.0,189.0,191.16
776,27.8,1.73,125,2.16,66,56,350.0,196.0,198.16
777,27.8,1.73,125,2.16,66,54,350.0,189.0,191.16
778,27.8,1.73,125,2.16,66,46,350.0,161.0,163.16
779,27.8,1.73,125,2.16,67,51,350.0,178.5,180.66
780,27.8,1.73,125,2.16,66,51,350.0,178.5,180.66
781,27.8,1.73,125,2.16,65,52,350.0,182.0,184.16
782,27.8,1.73,125,2.16,66,50,350.0,175.0,177.16
783,27.8,1.73,125,2.16,66,45,350.0,157.5,159.66
784,27.8,1.73,125,2.16,67,53,350.0,185.5,187.66
785,27.8,1.73,125,2.16,66,53,350.0,185.5,187.66
786,27.8,1.73,125,2.16,67,52,350.0,182.0,184.16
787,27.8,1.73,125,2.16,66,39,350.0,136.5,138.66
788,27.8,1.73,125,2.16,67,54,350.0,189.0,191.16
789,27.8,1.73,125,2.16,67,49,350.0,171.5,173.66
790,27.8,1.73,125,2.16,67,53,350.0,185.5,187.66
791,27.8,1.73,125,2.16,67,52,350.0,182.0,184.16
792,27.8,1.73,125,2.16,67,41,350.0,143.5,145.66
793,27.8,1.73,125,2.16,67,51,350.0,178.5,180.66
794,27.8,1.73,125,2.16,67,44,350.0,154.0,156.16
795,27.8,1.73,125,2.16,67,48,350.0,168.0,170.16
796,27.8,1.73,125,2.16,65,9,350.0,31.5,33.66
797,27.8,1.73,125,2.16,67,55,350.0,192.5,194.66
798,27.8,1.73,125,2.16,65,5,350.0,17.5,19.66
799,27.8,1.73,125,2.16,67,54,350.0,189.0,191.16
800,27.8,1.73,125,2.16,67,50,350.0,175.0,177.16
801,27.8,1.73,125,2.16,68,53,350.0,185.5,187.66
802,27.8,1.73,125,2.16,68,52,350.0,182.0,184.16
803,27.8,1.73,125,2.16,62,27,350.0,94.5,96.66
804,27.8,1.73,125,2.16,65,49,350.0,171.5,173.66
805,27.8,1.73,125,2.16,62,19,350.0,66.5,68.66
806,27.8,1.73,125,2.16,62,0,350.0,0.0,2.16
807,27.8,1.73,125,2.16,61,7,350.0,24.5,26.66
808,27.8,1.73,125,2.16,61,7,350.0,24.5,26.66
809,27.8,1.73,125,2.16,64,57,350.0,199.5,201.66
810,27.8,1.73,125,2.16,64,45,350.0,157.5,159.66
811,27.8,1.73,125,2.16,65,52,350.0,182.0,184.16
812,27.8,1.73,125,2.16,66,52,350.0,182.0,184.16
813,27.8,1.73,125,2.16,66,51,350.0,178.5,180.66
814,27.8,1.73,125,2.16,66,52,350.0,182.0,184.16
815,27.8,1.73,125,2.16,64,51,350.0,178.5,180.66
816,27.8,1.73,125,2.16,66,57,350.0,199.5,201.66
817,27.8,1.73,125,2.16,65,24,350.0,84.0,86.16
818,27.8,1.73,125,2.16,66,56,350.0,196.0,198.16
819,27.8,1.73,125,2.16,65,32,350.0,112.0,114.16
820,27.8,1.73,125,2.16,66,57,350.0,199.5,201.66
821,27.8,1.73,125,2.16,67,51,350.0,178.5,180.66
822,27.8,1.73,125,2.16,66,51,350.0,178.5,180.66
823,27.8,1.73,125,2.16,67,53,350.0,185.5,187.66
824,27.8,1.73,125,2.16,67,55,350.0,192.5,194.66
825,27.8,1.73,125,2.16,65,48,350.0,168.0,170.16
826,27.8,1.73,125,2.16,67,57,350.0,199.5,201.66
827,27.8,1.73,125,2.16,67,54,350.0,189.0,191.16
828,27.8,1.73,125,2.16,66,31,350.0,108.5,110.66
829,27.8,1.73,125,2.16,67,54,350.0,189.0,191.16
830,27.8,1.73,125,2.16,67,52,350.0,182.0,184.16
831,27.8,1.73,125,2.16,68,51,350.0,178.5,180.66
832,27.8,1.73,125,2.16,68,55,350.0,192.5,194.66
833,27.8,1.73,125,2.16,68,50,350.0,175.0,177.16
834,27.8,1.73,125,2.16,68,54,350.0,189.0,191.16
835,27.8,1.73,125,2.16,68,55,350.0,192.5,194.66
836,27.8,1.73,125,2.16,68,55,350.0,192.5,194.66
837,27.8,1.73,125,2.16,68,48,350.0,168.0,170.16
838,27.8,1.73,125,2.16,68,56,350.0,196.0,198.16
839,27.8,1.73,125,2.16,68,56,350.0,196.0,198.16
840,27.8,1.73,125,2.16,67,39,350.0,136.5,138.66
841,27.8,1.73,125,2.16,68,53,350.0,185.5,187.66
842,27.8,1.73,125,2.16,68,52,350.0,182.0,184.16
843,27.8,1.73,125,2.16,68,54,350.0,189.0,191.16
844,27.8,1.73,125,2.16,69,51,350.0,178.5,180.66
845,27.8,1.73,125,2.16,68,49,350.0,171.5,173.66
846,27.8,1.73,125,2.16,68,53,350.0,185.5,187.66
847,27.8,1.73,125,2.16,68,46,350.0,161.0,163.16
848,27.8,1.73,125,2.16,69,53,350.0,185.5,187.66
849,27.8,1.73,125,2.16,68,48,350.0,168.0,170.16
850,27.8,1.73,125,2.16,68,55,350.0,192.5,194.66
851,27.8,1.73,125,2.16,69,48,350.0,168.0,170.16
852,27.8,1.73,125,2.16,69,51,350.0,178.5,180.66
853,27.8,1.73,125,2.16,69,56,350.0,196.0,198.16
854,27.8,1.73,125,2.16,67,11,350.0,38.5,40.66
855,27.8,1.73,125,2.16,69,52,350.0,182.0,184.16
856,27.8,1.73,125,2.16,69,50,350.0,175.0,177.16
857,27.8,1.73,125,2.16,69,47,350.0,164.5,166.66
858,27.8,1.73,125,2.16,69,51,350.0,178.5,180.66
859,27.8,1.73,125,2.16,69,45,350.0,157.5,159.66
860,27.8,1.73,125,2.16,69,49,350.0,171.5,173.66
861,27.8,1.73,125,2.16,69,44,350.0,154.0,156.16
862,27.8,1.73,125,2.16,69,52,350.0,182.0,184.16
863,27.8,1.73,125,2.16,68,48,350.0,168.0,170.16
864,27.8,1.73,125,2.16,69,52,350.0,182.0,184.16
865,27.8,1.73,125,2.16,67,28,350.0,98.0,100.16
866,27.8,1.73,125,2.16,69,51,350.0,178.5,180.66
867,27.8,1.73,125,2.16,69,34,350.0,119.0,121.16
868,27.8,1.73,125,2.16,69,53,350.0,185.5,187.66
869,27.8,1.73,125,2.16,70,54,350.0,189.0,191.16
870,27.8,1.73,125,2.16,59,31,350.0,108.5,110.66
871,27.8,1.73,125,2.16,63,53,350.0,185.5,187.66
872,27.8,1.73,125,2.16,61,19,350.0,66.5,68.66
873,27.8,1.73,125,2.16,61,0,350.0,0.0,2.16
874,27.8,1.73,125,2.16,60,7,350.0,24.5,26.66
875,27.8,1.73,125,2.16,60,6,350.0,21.0,23.16
876,27.8,1.73,125,2.16,64,57,350.0,199.5,201.66
877,27.8,1.73,125,2.16,63,42,350.0,147.0,149.16
878,27.8,1.73,125,2.16,64,56,350.0,196.0,198.16
879,27.8,1.73,125,2.16,64,54,350.0,189.0,191.16
880,27.8,1.73,125,2.16,65,51,350.0,178.5,180.66
881,27.8,1.73,125,2.16,65,52,350.0,182.0,184.16
882,27.8,1.73,125,2.16,64,25,350.0,87.5,89.66
883,27.8,1.73,125,2.16,65,54,350.0,189.0,191.16
884,27.8,1.73,125,2.16,65,56,350.0,196.0,198.16
885,27.8,1.73,125,2.16,66,52,350.0,182.0,184.16
886,27.8,1.73,125,2.16,65,39,350.0,136.5,138.66
887,27.8,1.73,125,2.16,66,51,350.0,178.5,180.66
888,27.8,1.73,125,2.16,66,57,350.0,199.5,201.66
889,27.8,1.73,125,2.16,66,52,350.0,182.0,184.16
890,27.8,1.73,125,2.16,66,56,350.0,196.0,198.16
891,27.8,1.73,125,2.16,67,51,350.0,178.5,180.66
892,27.8,1.73,125,2.16,65,10,350.0,35.0,37.16
893,27.8,1.73,125,2.16,67,57,350.0,199.5,201.66
894,27.8,1.73,125,2.16,67,54,350.0,189.0,191.16
895,27.8,1.73,125,2.16,65,34,350.0,119.0,121.16
896,27.8,1.73,125,2.16,67,52,350.0,182.0,184.16
897,27.8,1.73,125,2.16,67,46,350.0,161.0,163.16
898,27.8,1.73,125,2.16,67,49,350.0,171.5,173.66
899,27.8,1.73,125,2.16,67,51,350.0,178.5,180.66
900,27.8,1.73,125,2.16,68,51,350.0,178.5,180.66
901,27.8,1.73,125,2.16,66,43,350.0,150.5,152.66
902,27.8,1.73,125,2.16,68,53,350.0,185.5,187.66
903,27.8,1.73,125,2.16,68,54,350.0,189.0,191.16
904,27.8,1.73,125,2.16,68,50,350.0,175.0,177.16
905,27.8,1.73,125,2.16,67,54,350.0,189.0,191.16
906,27.8,1.73,125,2.16,67,53,350.0,185.5,187.66
907,27.8,1.73,125,2.16,67,41,350.0,143.5,145.66
908,27.8,1.73,125,2.16,68,51,350.0,178.5,180.66
909,27.8,1.73,125,2.16,68,54,350.0,189.0,191.16
910,27.8,1.73,125,2.16,68,45,350.0,157.5,159.66
911,27.8,1.73,125,2.16,69,52,350.0,182.0,184.16
912,27.8,1.73,125,2.16,68,44,350.0,154.0,156.16
913,27.8,1.73,125,2.16,68,48,350.0,168.0,170.16
914,27.8,1.73,125,2.16,68,24,350.0,84.0,86.16
915,27.8,1.73,125,2.16,68,54,350.0,189.0,191.16
916,27.8,1.73,125,2.16,68,23,350.0,80.5,82.66
917,27.8,1.73,125,2.16,68,52,350.0,182.0,184.16
918,27.8,1.73,125,2.16,68,45,350.0,157.5,159.66
919,27.8,1.73,125,2.16,69,53,350.0,185.5,187.66
920,27.8,1.73,125,2.16,69,52,350.0,182.0,184.16
921,27.8,1.73,125,2.16,69,53,350.0,185.5,187.66
922,27.8,1.73,125,2.16,69,49,350.0,171.5,173.66
923,27.8,1.73,125,2.16,69,48,350.0,168.0,170.16
924,27.8,1.73,125,2.16,69,49,350.0,171.5,173.66
925,27.8,1.73,125,2.16,69,48,350.0,168.0,170.16
926,27.8,1.73,125,2.16,69,43,350.0,150.5,152.66
927,27.8,1.73,125,2.16,69,52,350.0,182.0,184.16
928,27.8,1.73,125,2.16,70,52,350.0,182.0,184.16
929,27.8,1.73,125,2.16,69,43,350.0,150.5,152.66
930,27.8,1.73,125,2.16,69,53,350.0,185.5,187.66
931,27.8,1.73,125,2.16,68,4,350.0,14.0,16.16
932,27.8,1.73,125,2.16,70,51,350.0,178.5,180.66
933,27.8,1.73,125,2.16,69,27,350.0,94.5,96.66
934,27.8,1.73,125,2.16,70,51,350.0,178.5,180.66
935,27.8,1.73,125,2.16,70,50,350.0,175.0,177.16
936,27.8,1.73,125,2.16,69,46,350.0,161.0,163.16
937,27.8,1.73,125,2.16,70,53,350.0,185.5,187.66
938,27.8,1.73,125,2.16,54,51,350.0,178.5,180.66
939,27.8,1.73,125,2.16,53,3,350.0,10.5,12.66
940,27.8,1.73,125,2.16,53,0,350.0,0.0,2.16
941,27.8,1.73,125,2.16,51,4,350.0,14.0,16.16
942,27.8,1.73,125,2.16,52,7,350.0,24.5,26.66
943,27.8,1.73,125,2.16,54,57,350.0,199.5,201.66
944,27.8,1.73,125,2.16,55,53,350.0,185.5,187.66
945,27.8,1.73,125,2.16,55,46,350.0,161.0,163.16
946,27.8,1.73,125,2.16,57,49,350.0,171.5,173.66
947,27.8,1.73,125,2.16,57,53,350.0,185.5,187.66
948,27.8,1.73,125,2.16,58,42,350.0,147.0,149.16
949,27.8,1.73,125,2.16,58,55,350.0,192.5,194.66
950,27.8,1.73,125,2.16,58,51,350.0,178.5,180.66
951,27.8,1.73,125,2.16,57,18,350.0,63.0,65.16
952,27.8,1.73,125,2.16,59,53,350.0,185.5,187.66
953,27.8,1.73,125,2.16,59,44,350.0,154.0,156.16
954,27.8,1.73,125,2.16,59,55,350.0,192.5,194.66
955,27.8,1.73,125,2.16,59,50,350.0,175.0,177.16
956,27.8,1.73,125,2.16,60,54,350.0,189.0,191.16
957,27.8,1.73,125,2.16,60,54,350.0,189.0,191.16
958,27.8,1.73,125,2.16,60,43,350.0,150.5,152.66
959,27.8,1.73,125,2.16,61,56,350.0,196.0,198.16
960,27.8,1.73,125,2.16,61,53,350.0,185.5,187.66
961,27.8,1.73,125,2.16,61,42,350.0,147.0,149.16
962,27.8,1.73,125,2.16,61,55,350.0,192.5,194.66
963,27.8,1.73,125,2.16,61,57,350.0,199.5,201.66
964,27.8,1.73,125,2.16,61,51,350.0,178.5,180.66
965,27.8,1.73,125,2.16,62,57,350.0,199.5,201.66
966,27.8,1.73,125,2.16,62,52,350.0,182.0,184.16
967,27.8,1.73,125,2.16,62,50,350.0,175.0,177.16
968,27.8,1.73,125,2.16,62,54,350.0,189.0,191.16
969,27.8,1.73,125,2.16,62,54,350.0,189.0,191.16
970,27.8,1.73,125,2.16,62,42,350.0,147.0,149.16
971,27.8,1.73,125,2.16,63,50,350.0,175.0,177.16
972,27.8,1.73,125,2.16,62,54,350.0,189.0,191.16
973,27.8,1.73,125,2.16,62,48,350.0,168.0,170.16
974,27.8,1.73,125,2.16,62,47,350.0,164.5,166.66
975,27.8,1.73,125,2.16,63,49,350.0,171.5,173.66
976,27.8,1.73,125,2.16,63,54,350.0,189.0,191.16
977,27.8,1.73,125,2.16,64,52,350.0,182.0,184.16
978,27.8,1.73,125,2.16,64,52,350.0,182.0,184.16
979,27.8,1.73,125,2.16,63,40,350.0,140.0,142.16
980,27.8,1.73,125,2.16,64,55,350.0,192.5,194.66
981,27.8,1.73,125,2.16,63,23,350.0,80.5,82.66
982,27.8,1.73,125,2.16,64,50,350.0,175.0,177.16
983,27.8,1.73,125,2.16,64,37,350.0,129.5,131.66
984,27.8,1.73,125,2.16,64,54,350.0,189.0,191.16
985,27.8,1.73,125,2.16,64,44,350.0,154.0,156.16
986,27.8,1.73,125,2.16,65,49,350.0,171.5,173.66
987,27.8,1.73,125,2.16,64,39,350.0,136.5,138.66
988,27.8,1.73,125,2.16,65,50,350.0,175.0,177.16
989,27.8,1.73,125,2.16,65,51,350.0,178.5,180.66
990,27.8,1.73,125,2.16,65,45,350.0,157.5,159.66
991,27.8,1.73,125,2.16,65,48,350.0,168.0,170.16
992,27.8,1.73,125,2.16,65,52,350.0,182.0,184.16
993,27.8,1.73,125,2.16,65,43,350.0,150.5,152.66
994,27.8,1.73,125,2.16,65,50,350.0,175.0,177.16
995,27.8,1.73,125,2.16,65,51,350.0,178.5,180.66
996,27.8,1.73,125,2.16,65,44,350.0,154.0,156.16
997,27.8,1.73,125,2.16,66,49,350.0,171.5,173.66
998,27.8,1.73,125,2.16,64,14,350.0,49.0,51.16
999,27.8,1.73,125,2.16,66,49,350.0,171.5,173.66
1000,27.8,1.73,125,2.16,64,18,350.0,63.0,65.16
1001,27.8,1.73,125,2.16,66,48,350.0,168.0,170.16
1002,27.8,1.73,125,2.16,66,48,350.0,168.0,170.16
1003,27.8,1.73,125,2.16,66,48,350.0,168.0,170.16
1004,27.8,1.73,125,2.16,66,51,350.0,178.5,180.66
1005,27.8,1.73,125,2.16,63,48,350.0,168.0,170.16
1006,27.8,1.73,125,2.16,63,45,350.0,157.5,159.66
1007,27.8,1.73,125,2.16,62,0,350.0,0.0,2.16
1008,27.8,1.73,125,2.16,60,0,350.0,0.0,2.16
1009,27.8,1.73,125,2.16,60,10,350.0,35.0,37.16
1010,27.8,1.73,125,2.16,61,8,350.0,28.0,30.16
1011,27.8,1.73,125,2.16,64,58,350.0,203.0,205.16
1012,27.8,1.73,125,2.16,64,46,350.0,161.0,163.16
1013,27.8,1.73,125,2.16,65,57,350.0,199.5,201.66
1014,27.8,1.73,125,2.16,65,55,350.0,192.5,194.66
1015,27.8,1.73,125,2.16,65,57,350.0,199.5,201.66
1016,27.8,1.73,125,2.16,66,54,350.0,189.0,191.16
1017,27.8,1.73,125,2.16,66,53,350.0,185.5,187.66
1018,27.8,1.73,125,2.16,65,55,350.0,192.5,194.66
1019,27.8,1.73,125,2.16,66,55,350.0,192.5,194.66
1020,27.8,1.73,125,2.16,66,47,350.0,164.5,166.66
1021,27.8,1.73,125,2.16,66,53,350.0,185.5,187.66
1022,27.8,1.73,125,2.16,66,50,350.0,175.0,177.16
1023,27.8,1.73,125,2.16,67,50,350.0,175.0,177.16
1024,27.8,1.73,125,2.16,67,55,350.0,192.5,194.66
1025,27.8,1.73,125,2.16,67,37,350.0,129.5,131.66
1026,27.8,1.73,125,2.16,66,55,350.0,192.5,194.66
1027,27.8,1.73,125,2.16,67,53,350.0,185.5,187.66
1028,27.8,1.73,125,2.16,67,53,350.0,185.5,187.66
1029,27.8,1.73,125,2.16,67,54,350.0,189.0,191.16
1030,27.8,1.73,125,2.16,67,56,350.0,196.0,198.16
1031,27.8,1.73,125,2.16,67,49,350.0,171.5,173.66
1032,27.8,1.73,125,2.16,67,52,350.0,182.0,184.16
1033,27.8,1.73,125,2.16,68,57,350.0,199.5,201.66
1034,27.8,1.73,125,2.16,68,51,350.0,178.5,180.66
1035,27.8,1.73,125,2.16,68,51,350.0,178.5,180.66
1036,27.8,1.73,125,2.16,68,56,350.0,196.0,198.16
1037,27.8,1.73,125,2.16,68,55,350.0,192.5,194.66
1038,27.8,1.73,125,2.16,68,58,350.0,203.0,205.16
1039,27.8,1.73,125,2.16,68,53,350.0,185.5,187.66
1040,27.8,1.73,125,2.16,68,43,350.0,150.5,152.66
1041,27.8,1.73,125,2.16,68,50,350.0,175.0,177.16
1042,27.8,1.73,125,2.16,68,51,350.0,178.5,180.66
1043,27.8,1.73,125,2.16,68,52,350.0,182.0,184.16
1044,27.8,1.73,125,2.16,68,54,350.0,189.0,191.16
1045,27.8,1.73,125,2.16,69,52,350.0,182.0,184.16
1046,27.8,1.73,125,2.16,68,47,350.0,164.5,166.66
1047,27.8,1.73,125,2.16,68,53,350.0,185.5,187.66
1048,27.8,1.73,125,2.16,69,53,350.0,185.5,187.66
1049,27.8,1.73,125,2.16,67,21,350.0,73.5,75.66
1050,27.8,1.73,125,2.16,69,52,350.0,182.0,184.16
1051,27.8,1.73,125,2.16,68,42,350.0,147.0,149.16
1052,27.8,1.73,125,2.16,68,53,350.0,185.5,187.66
1053,27.8,1.73,125,2.16,69,52,350.0,182.0,184.16
1054,27.8,1.73,125,2.16,69,56,350.0,196.0,198.16
1055,27.8,1.73,125,2.16,69,54,350.0,189.0,191.16
1056,27.8,1.73,125,2.16,69,55,350.0,192.5,194.66
1057,27.8,1.73,125,2.16,69,55,350.0,192.5,194.66
1058,27.8,1.73,125,2.16,69,55,350.0,192.5,194.66
1059,27.8,1.73,125,2.16,69,51,350.0,178.5,180.66
1060,27.8,1.73,125,2.16,69,44,350.0,154.0,156.16
1061,27.8,1.73,125,2.16,69,55,350.0,192.5,194.66
1062,27.8,1.73,125,2.16,69,44,350.0,154.0,156.16
1063,27.8,1.73,125,2.16,69,49,350.0,171.5,173.66
1064,27.8,1.73,125,2.17,67,5,350.0,17.5,19.67
1065,27.8,1.73,125,2.17,69,54,350.0,189.0,191.17
1066,27.8,1.73,125,2.17,67,5,350.0,17.5,19.67
1067,27.8,1.73,125,2.17,69,55,350.0,192.5,194.67
1068,27.8,1.73,125,2.17,69,48,350.0,168.0,170.17
1069,27.8,1.73,125,2.17,69,49,350.0,171.5,173.67
1070,27.8,1.73,125,2.17,69,54,350.0,189.0,191.17
1071,27.8,1.73,125,2.17,65,51,350.0,178.5,180.67
1072,27.8,1.73,125,2.17,64,17,350.0,59.5,61.67
1073,27.8,1.73,125,2.17,63,0,350.0,0.0,2.17
1074,27.8,1.73,125,2.17,62,0,350.0,0.0,2.17
1075,27.8,1.73,125,2.17,62,9,350.0,31.5,33.67
1076,27.8,1.73,125,2.17,63,9,350.0,31.5,33.67
1077,27.8,1.73,125,2.17,66,60,350.0,210.0,212.17
1078,27.8,1.73,125,2.17,66,45,350.0,157.5,159.67
1079,27.8,1.73,125,2.17,66,52,350.0,182.0,184.17
1080,27.8,1.73,125,2.17,66,55,350.0,192.5,194.67
1081,27.8,1.73,125,2.17,67,53,350.0,185.5,187.67
1082,27.8,1.73,125,2.17,67,53,350.0,185.5,187.67
1083,27.8,1.73,125,2.17,67,53,350.0,185.5,187.67
1084,27.8,1.73,125,2.17,67,56,350.0,196.0,198.17
1085,27.8,1.73,125,2.17,67,53,350.0,185.5,187.67
1086,27.8,1.73,125,2.17,67,57,350.0,199.5,201.67
1087,27.8,1.73,125,2.17,67,55,350.0,192.5,194.67
1088,27.8,1.73,125,2.17,68,50,350.0,175.0,177.17
1089,27.8,1.73,125,2.17,68,52,350.0,182.0,184.17
1090,27.8,1.73,125,2.17,68,54,350.0,189.0,191.17
1091,27.8,1.73,125,2.17,68,51,350.0,178.5,180.67
1092,27.8,1.73,125,2.17,68,53,350.0,185.5,187.67
1093,27.8,1.73,125,2.17,68,37,350.0,129.5,131.67
1094,27.8,1.73,125,2.17,69,57,350.0,199.5,201.67
1095,27.8,1.73,125,2.17,69,50,350.0,175.0,177.17
1096,27.8,1.73,125,2.17,66,13,350.0,45.5,47.67
1097,27.8,1.73,125,2.17,69,56,350.0,196.0,198.17
1098,27.8,1.73,125,2.17,69,51,350.0,178.5,180.67
1099,27.8,1.73,125,2.17,69,48,350.0,168.0,170.17
1100,27.8,1.73,125,2.17,69,51,350.0,178.5,180.67
1101,27.8,1.73,125,2.17,69,50,350.0,175.0,177.17
1102,27.8,1.73,125,2.17,69,24,350.0,84.0,86.17
1103,27.8,1.73,125,2.17,69,53,350.0,185.5,187.67
1104,27.8,1.73,125,2.17,69,52,350.0,182.0,184.17
1105,27.8,1.73,125,2.17,67,4,350.0,14.0,16.17
1106,27.8,1.73,125,2.17,69,55,350.0,192.5,194.67
1107,27.8,1.73,125,2.17,69,44,350.0,154.0,156.17
1108,27.8,1.73,125,2.17,69,49,350.0,171.5,173.67
1109,27.8,1.73,125,2.17,68,53,350.0,185.5,187.67
1110,27.8,1.73,125,2.17,69,50,350.0,175.0,177.17
1111,27.8,1.73,125,2.17,69,54,350.0,189.0,191.17
1112,27.8,1.73,125,2.17,69,54,350.0,189.0,191.17
1113,27.8,1.73,125,2.17,69,47,350.0,164.5,166.67
1114,27.8,1.73,125,2.17,69,52,350.0,182.0,184.17
1115,27.8,1.73,125,2.17,70,49,350.0,171.5,173.67
1116,27.8,1.73,125,2.17,69,50,350.0,175.0,177.17
1117,27.8,1.73,125,2.17,69,52,350.0,182.0,184.17
1118,27.8,1.73,125,2.17,69,50,350.0,175.0,177.17
1119,27.8,1.73,125,2.17,69,39,350.0,136.5,138.67
1120,27.8,1.73,125,2.17,70,52,350.0,182.0,184.17
1121,27.8,1.73,125,2.17,70,51,350.0,178.5,180.67
1122,27.8,1.73,125,2.17,69,38,350.0,133.0,135.17
1123,27.8,1.73,125,2.17,70,49,350.0,171.5,173.67
1124,27.8,1.73,125,2.17,70,52,350.0,182.0,184.17
1125,27.8,1.73,125,2.17,70,49,350.0,171.5,173.67
1126,27.8,1.73,125,2.17,70,53,350.0,185.5,187.67
1127,27.8,1.73,125,2.17,70,44,350.0,154.0,156.17
1128,27.8,1.73,125,2.17,70,48,350.0,168.0,170.17
1129,27.8,1.73,125,2.17,70,51,350.0,178.5,180.67
1130,27.8,1.73,125,2.17,70,46,350.0,161.0,163.17
1131,27.8,1.73,125,2.17,70,54,350.0,189.0,191.17
1132,27.8,1.73,125,2.17,70,50,350.0,175.0,177.17
1133,27.8,1.73,125,2.17,70,52,350.0,182.0,184.17
1134,27.8,1.73,125,2.17,69,13,350.0,45.5,47.67
1135,27.8,1.73,125,2.17,70,49,350.0,171.5,173.67
1136,27.8,1.73,125,2.17,70,48,350.0,168.0,170.17
1137,27.8,1.73,125,2.17,70,50,350.0,175.0,177.17
1138,27.8,1.73,125,2.17,70,52,350.0,182.0,184.17
1139,27.8,1.73,125,2.17,64,27,350.0,94.5,96.67
1140,27.8,1.73,125,2.17,67,48,350.0,168.0,170.17
1141,27.8,1.73,125,2.17,65,19,350.0,66.5,68.67
1142,27.8,1.73,125,2.17,65,0,350.0,0.0,2.17
1143,27.8,1.73,125,2.17,63,7,350.0,24.5,26.67
1144,27.8,1.73,125,2.17,63,6,350.0,21.0,23.17
1145,27.8,1.73,125,2.17,66,56,350.0,196.0,198.17
1146,27.8,1.73,125,2.17,66,33,350.0,115.5,117.67
1147,27.8,1.73,125,2.17,67,37,350.0,129.5,131.67
1148,27.8,1.73,125,2.17,68,54,350.0,189.0,191.17
1149,27.8,1.73,125,2.17,69,54,350.0,189.0,191.17
1150,27.8,1.73,125,2.17,68,57,350.0,199.5,201.67
1151,27.8,1.73,125,2.17,68,53,350.0,185.5,187.67
1152,27.8,1.73,125,2.17,69,54,350.0,189.0,191.17
1153,27.8,1.73,125,2.17,68,15,350.0,52.5,54.67
1154,27.8,1.73,125,2.17,69,55,350.0,192.5,194.67
1155,27.8,1.73,125,2.17,68,45,350.0,157.5,159.67
1156,27.8,1.73,125,2.17,69,54,350.0,189.0,191.17
1157,27.8,1.73,125,2.17,69,53,350.0,185.5,187.67
1158,27.8,1.73,125,2.17,69,54,350.0,189.0,191.17
1159,27.8,1.73,125,2.17,69,52,350.0,182.0,184.17
1160,27.8,1.73,125,2.17,69,53,350.0,185.5,187.67
1161,27.8,1.73,125,2.17,68,10,350.0,35.0,37.17
1162,27.8,1.73,125,2.17,69,49,350.0,171.5,173.67
1163,27.8,1.73,125,2.17,70,58,350.0,203.0,205.17
1164,27.8,1.73,125,2.17,68,21,350.0,73.5,75.67
1165,27.8,1.73,125,2.17,70,57,350.0,199.5,201.67
1166,27.8,1.73,125,2.17,70,55,350.0,192.5,194.67
1167,27.8,1.73,125,2.17,70,52,350.0,182.0,184.17
1168,27.8,1.73,125,2.17,70,53,350.0,185.5,187.67
1169,27.8,1.73,125,2.17,70,57,350.0,199.5,201.67
1170,27.8,1.73,125,2.17,70,27,350.0,94.5,96.67
1171,27.8,1.73,125,2.17,70,52,350.0,182.0,184.17
1172,27.8,1.73,125,2.17,70,57,350.0,199.5,201.67
1173,27.8,1.73,125,2.17,68,34,350.0,119.0,121.17
1174,27.8,1.73,125,2.17,70,55,350.0,192.5,194.67
1175,27.8,1.73,125,2.17,70,44,350.0,154.0,156.17
1176,27.8,1.73,125,2.17,70,51,350.0,178.5,180.67
1177,27.8,1.73,125,2.17,69,38,350.0,133.0,135.17
1178,27.8,1.73,125,2.17,70,50,350.0,175.0,177.17
1179,27.8,1.73,125,2.17,71,55,351.5,193.32,195.48999999999998
1180,27.8,1.73,125,2.17,70,51,350.0,178.5,180.67
1181,27.8,1.73,125,2.17,70,45,350.0,157.5,159.67
1182,27.8,1.73,125,2.17,71,52,351.5,182.78,184.95
1183,27.8,1.73,125,2.17,71,55,351.5,193.32,195.48999999999998
1184,27.8,1.73,125,2.17,69,54,350.0,189.0,191.17
1185,27.8,1.73,125,2.17,71,52,351.5,182.78,184.95
1186,27.8,1.73,125,2.17,70,44,350.0,154.0,156.17
1187,27.8,1.73,125,2.17,71,51,351.5,179.26,181.42999999999998
1188,27.8,1.73,125,2.17,71,52,351.5,182.78,184.95
1189,27.8,1.73,125,2.17,71,51,351.5,179.26,181.42999999999998
1190,27.8,1.73,125,2.17,69,31,350.0,108.5,110.67
1191,27.8,1.73,125,2.17,71,55,351.5,193.32,195.48999999999998
1192,27.8,1.73,125,2.17,71,54,351.5,189.81,191.98
1193,27.8,1.73,125,2.17,71,44,351.5,154.66,156.82999999999998
1194,27.8,1.73,125,2.17,71,54,351.5,189.81,191.98
1195,27.8,1.73,125,2.17,70,44,350.0,154.0,156.17
1196,27.8,1.73,125,2.17,71,48,351.5,168.72,170.89
1197,27.8,1.73,125,2.17,71,41,351.5,144.12,146.29
1198,27.8,1.73,125,2.17,71,49,351.5,172.24,174.41
1199,27.8,1.73,125,2.17,71,49,351.5,172.24,174.41
1200,27.8,1.73,125,2.17,71,50,351.5,175.75,177.92
1201,27.8,1.73,125,2.17,70,53,350.0,185.5,187.67
1202,27.8,1.73,125,2.17,71,53,351.5,186.29,188.45999999999998
1203,27.8,1.73,125,2.17,70,22,350.0,77.0,79.17
1204,27.8,1.73,125,2.17,71,48,351.5,168.72,170.89
1205,27.8,1.73,125,2.17,72,47,353.0,165.91,168.07999999999998
1206,27.8,1.73,125,2.17,70,50,350.0,175.0,177.17
1207,27.8,1.73,125,2.17,68,0,350.0,0.0,2.17
1208,27.8,1.73,125,2.17,67,0,350.0,0.0,2.17
1209,27.8,1.73,125,2.17,66,7,350.0,24.5,26.67
1210,27.8,1.73,125,2.17,61,56,350.0,196.0,198.17
1211,27.8,1.73,125,2.17,64,54,350.0,189.0,191.17
1212,27.8,1.73,125,2.17,62,0,350.0,0.0,2.17
1213,27.8,1.74,125,2.17,61,0,350.0,0.0,2.17
1214,27.8,1.74,125,2.17,61,8,350.0,28.0,30.17
1215,27.8,1.74,125,2.17,61,7,350.0,24.5,26.67
1216,27.8,1.74,125,2.17,64,55,350.0,192.5,194.67
1217,27.8,1.74,125,2.17,64,19,350.0,66.5,68.67
1218,27.8,1.74,125,2.17,65,55,350.0,192.5,194.67
1219,27.8,1.74,125,2.17,66,55,350.0,192.5,194.67
1220,27.8,1.74,125,2.17,66,53,350.0,185.5,187.67
1221,27.8,1.74,125,2.17,66,52,350.0,182.0,184.17
1222,27.8,1.74,125,2.17,65,53,350.0,185.5,187.67
1223,27.8,1.74,125,2.17,67,53,350.0,185.5,187.67
1224,27.8,1.74,125,2.17,66,5,350.0,17.5,19.67
1225,27.8,1.74,125,2.17,66,53,350.0,185.5,187.67
1226,27.8,1.74,125,2.17,67,47,350.0,164.5,166.67
1227,27.8,1.74,125,2.17,67,52,350.0,182.0,184.17
1228,27.8,1.74,125,2.17,67,55,350.0,192.5,194.67
1229,27.8,1.74,125,2.17,67,50,350.0,175.0,177.17
1230,27.8,1.74,125,2.17,67,51,350.0,178.5,180.67
1231,27.8,1.74,125,2.17,68,54,350.0,189.0,191.17
1232,27.8,1.74,125,2.17,66,52,350.0,182.0,184.17
1233,27.8,1.74,125,2.17,68,52,350.0,182.0,184.17
1234,27.8,1.74,125,2.17,68,48,350.0,168.0,170.17
1235,27.8,1.74,125,2.17,67,43,350.0,150.5,152.67
1236,27.8,1.74,125,2.17,68,54,350.0,189.0,191.17
1237,27.8,1.74,125,2.17,68,49,350.0,171.5,173.67
1238,27.8,1.74,125,2.17,68,51,350.0,178.5,180.67
1239,27.8,1.74,125,2.17,68,56,350.0,196.0,198.17
1240,27.8,1.74,125,2.17,69,48,350.0,168.0,170.17
1241,27.8,1.74,125,2.17,68,52,350.0,182.0,184.17
1242,27.8,1.74,125,2.17,69,54,350.0,189.0,191.17
1243,27.8,1.74,125,2.17,68,48,350.0,168.0,170.17
1244,27.8,1.74,125,2.17,69,52,350.0,182.0,184.17
1245,27.8,1.74,125,2.17,69,51,350.0,178.5,180.67
1246,27.8,1.74,125,2.17,68,53,350.0,185.5,187.67
1247,27.8,1.74,125,2.17,69,45,350.0,157.5,159.67
1248,27.8,1.74,125,2.17,69,53,350.0,185.5,187.67
1249,27.8,1.74,125,2.17,69,50,350.0,175.0,177.17
1250,27.8,1.74,125,2.17,69,55,350.0,192.5,194.67
1251,27.8,1.74,125,2.17,69,53,350.0,185.5,187.67
1252,27.8,1.74,125,2.17,68,40,350.0,140.0,142.17
1253,27.8,1.74,125,2.17,69,55,350.0,192.5,194.67
1254,27.8,1.74,125,2.17,69,29,350.0,101.5,103.67
1255,27.8,1.74,125,2.17,70,53,350.0,185.5,187.67
1256,27.8,1.74,125,2.17,69,53,350.0,185.5,187.67
1257,27.8,1.74,125,2.17,69,49,350.0,171.5,173.67
1258,27.8,1.74,125,2.17,69,39,350.0,136.5,138.67
1259,27.8,1.74,125,2.17,70,53,350.0,185.5,187.67
1260,27.8,1.74,125,2.17,70,39,350.0,136.5,138.67
1261,27.8,1.74,125,2.17,70,49,350.0,171.5,173.67
1262,27.8,1.74,125,2.17,70,52,350.0,182.0,184.17
1263,27.8,1.74,125,2.17,70,46,350.0,161.0,163.17
1264,27.8,1.74,125,2.17,70,52,350.0,182.0,184.17
1265,27.8,1.74,125,2.17,70,53,350.0,185.5,187.67
1266,27.8,1.74,125,2.17,70,43,350.0,150.5,152.67
1267,27.8,1.74,125,2.17,70,41,350.0,143.5,145.67
1268,27.8,1.74,125,2.17,70,51,350.0,178.5,180.67
1269,27.8,1.74,125,2.17,70,43,350.0,150.5,152.67
1270,27.8,1.74,125,2.17,70,48,350.0,168.0,170.17
1271,27.8,1.74,125,2.17,68,4,350.0,14.0,16.17
1272,27.8,1.74,125,2.17,70,49,350.0,171.5,173.67
1273,27.8,1.74,125,2.17,68,4,350.0,14.0,16.17
1274,27.8,1.74,125,2.17,70,49,350.0,171.5,173.67
1275,27.8,1.74,125,2.17,70,48,350.0,168.0,170.17
1276,27.8,1.74,125,2.17,70,47,350.0,164.5,166.67
1277,27.8,1.74,125,2.17,71,50,351.5,175.75,177.92
1278,27.8,1.74,125,2.17,66,55,350.0,192.5,194.67
1279,27.8,1.74,125,2.17,68,51,350.0,178.5,180.67
1280,27.8,1.74,125,2.17,65,0,350.0,0.0,2.17
1281,27.8,1.74,125,2.17,64,0,350.0,0.0,2.17
1282,27.8,1.74,125,2.17,64,7,350.0,24.5,26.67
1283,27.8,1.74,125,2.17,63,8,350.0,28.0,30.17
1284,27.8,1.74,125,2.17,67,54,350.0,189.0,191.17
1285,27.8,1.74,125,2.17,67,45,350.0,157.5,159.67
1286,27.8,1.74,125,2.17,68,54,350.0,189.0,191.17
1287,27.8,1.74,125,2.17,68,52,350.0,182.0,184.17
1288,27.8,1.74,125,2.17,69,57,350.0,199.5,201.67
1289,27.8,1.74,125,2.17,69,53,350.0,185.5,187.67
1290,27.8,1.74,125,2.17,68,52,350.0,182.0,184.17
1291,27.8,1.74,125,2.17,69,58,350.0,203.0,205.17
1292,27.8,1.74,125,2.17,67,23,350.0,80.5,82.67
1293,27.8,1.74,125,2.17,69,56,350.0,196.0,198.17
1294,27.8,1.74,125,2.17,68,47,350.0,164.5,166.67
1295,27.8,1.74,125,2.17,69,51,350.0,178.5,180.67
1296,27.8,1.74,125,2.17,69,55,350.0,192.5,194.67
1297,27.8,1.74,125,2.17,69,55,350.0,192.5,194.67
1298,27.8,1.74,125,2.17,70,52,350.0,182.0,184.17
1299,27.8,1.74,125,2.17,69,53,350.0,185.5,187.67
1300,27.8,1.74,125,2.17,68,27,350.0,94.5,96.67
1301,27.8,1.74,125,2.17,70,50,350.0,175.0,177.17
1302,27.8,1.74,125,2.17,70,54,350.0,189.0,191.17
1303,27.8,1.74,125,2.17,70,53,350.0,185.5,187.67
1304,27.8,1.74,125,2.17,70,49,350.0,171.5,173.67
1305,27.8,1.74,125,2.17,69,53,350.0,185.5,187.67
1306,27.8,1.74,125,2.17,70,51,350.0,178.5,180.67
1307,27.8,1.74,125,2.17,70,51,350.0,178.5,180.67
1308,27.8,1.74,125,2.17,70,56,350.0,196.0,198.17
1309,27.8,1.74,125,2.17,70,52,350.0,182.0,184.17
1310,27.8,1.74,125,2.17,70,48,350.0,168.0,170.17
1311,27.8,1.74,125,2.17,70,21,350.0,73.5,75.67
1312,27.8,1.74,125,2.17,71,54,351.5,189.81,191.98
1313,27.8,1.74,125,2.17,70,34,350.0,119.0,121.17
1314,27.8,1.74,125,2.17,71,49,351.5,172.24,174.41
1315,27.8,1.74,125,2.17,70,45,350.0,157.5,159.67
1316,27.8,1.74,125,2.17,71,56,351.5,196.84,199.01
1317,27.8,1.74,125,2.17,71,52,351.5,182.78,184.95
1318,27.8,1.74,125,2.17,71,55,351.5,193.32,195.48999999999998
1319,27.8,1.74,125,2.17,71,50,351.5,175.75,177.92
1320,27.8,1.74,125,2.17,70,39,350.0,136.5,138.67
1321,27.8,1.74,125,2.17,71,51,351.5,179.26,181.42999999999998
1322,27.8,1.74,125,2.17,70,54,350.0,189.0,191.17
1323,27.8,1.74,125,2.17,71,49,351.5,172.24,174.41
1324,27.8,1.74,125,2.17,69,9,350.0,31.5,33.67
1325,27.8,1.74,125,2.17,70,64,350.0,224.0,226.17
1326,27.8,1.74,125,2.17,70,56,350.0,196.0,198.17
1327,27.8,1.74,125,2.17,71,42,351.5,147.63,149.79999999999998
1328,27.8,1.74,125,2.17,71,54,351.5,189.81,191.98
1329,27.8,1.74,125,2.17,71,52,351.5,182.78,184.95
1330,27.8,1.74,125,2.17,70,50,350.0,175.0,177.17
1331,27.8,1.74,125,2.17,71,48,351.5,168.72,170.89
1332,27.8,1.74,125,2.17,71,53,351.5,186.29,188.45999999999998
1333,27.8,1.74,125,2.17,72,55,353.0,194.15,196.32
1334,27.8,1.74,125,2.17,71,50,351.5,175.75,177.92
1335,27.8,1.74,125,2.17,71,43,351.5,151.15,153.32
1336,27.8,1.74,125,2.17,72,55,353.0,194.15,196.32
1337,27.8,1.74,125,2.17,71,48,351.5,168.72,170.89
1338,27.8,1.74,125,2.17,72,47,353.0,165.91,168.07999999999998
1339,27.8,1.74,125,2.17,72,54,353.0,190.62,192.79
1340,27.8,1.74,125,2.17,71,52,351.5,182.78,184.95
1341,27.8,1.74,125,2.17,71,51,351.5,179.26,181.42999999999998
1342,27.8,1.74,125,2.17,71,50,351.5,175.75,177.92
1343,27.8,1.74,125,2.17,70,35,350.0,122.5,124.67
1344,27.8,1.74,125,2.17,72,48,353.0,169.44,171.60999999999999
1345,27.8,1.74,125,2.17,72,51,353.0,180.03,182.2
1346,27.8,1.74,125,2.17,70,54,350.0,189.0,191.17
1347,27.8,1.74,125,2.17,65,14,350.0,49.0,51.17
1348,27.8,1.74,125,2.17,69,53,350.0,185.5,187.67
1349,27.8,1.74,125,2.17,67,19,350.0,66.5,68.67
1350,27.8,1.74,125,2.17,66,0,350.0,0.0,2.17
1351,27.8,1.73,125,2.17,72,47,353.0,165.91,168.07999999999998
1352,27.8,1.73,125,2.17,70,50,350.0,175.0,177.17
1353,27.8,1.73,125,2.17,68,0,350.0,0.0,2.17
1354,27.8,1.73,125,2.17,67,0,350.0,0.0,2.17
1355,27.8,1.73,125,2.17,66,7,350.0,24.5,26.67
1356,27.8,1.73,125,2.17,61,56,350.0,196.0,198.17
1357,27.8,1.73,125,2.17,64,54,350.0,189.0,191.17
1358,27.8,1.73,125,2.17,62,0,350.0,0.0,2.17
1359,27.8,1.74,125,2.17,61,0,350.0,0.0,2.17
1360,27.8,1.74,125,2.17,61,8,350.0,28.0,30.17
1361,27.8,1.74,125,2.17,61,7,350.0,24.5,26.67
1362,27.8,1.74,125,2.17,64,55,350.0,192.5,194.67
1363,27.8,1.74,125,2.17,64,19,350.0,66.5,68.67
1364,27.8,1.74,125,2.17,65,55,350.0,192.5,194.67
1365,27.8,1.74,125,2.17,66,55,350.0,192.5,194.67
1366,27.8,1.74,125,2.17,66,53,350.0,185.5,187.67
1367,27.8,1.74,125,2.17,66,52,350.0,182.0,184.17
1368,27.8,1.74,125,2.17,65,53,350.0,185.5,187.67
1369,27.8,1.74,125,2.17,67,53,350.0,185.5,187.67
1370,27.8,1.74,125,2.17,66,5,350.0,17.5,19.67
1371,27.8,1.74,125,2.17,66,53,350.0,185.5,187.67
1372,27.8,1.74,125,2.17,67,47,350.0,164.5,166.67
1373,27.8,1.74,125,2.17,67,52,350.0,182.0,184.17
1374,27.8,1.74,125,2.17,67,55,350.0,192.5,194.67
1375,27.8,1.74,125,2.17,67,50,350.0,175.0,177.17
1376,27.8,1.74,125,2.17,67,51,350.0,178.5,180.67
1377,27.8,1.74,125,2.17,68,54,350.0,189.0,191.17
1378,27.8,1.74,125,2.17,66,52,350.0,182.0,184.17
1379,27.8,1.74,125,2.17,68,52,350.0,182.0,184.17
1380,27.8,1.74,125,2.17,68,48,350.0,168.0,170.17
1381,27.8,1.74,125,2.17,67,43,350.0,150.5,152.67
1382,27.8,1.74,125,2.17,68,54,350.0,189.0,191.17
1383,27.8,1.74,125,2.17,68,49,350.0,171.5,173.67
1384,27.8,1.74,125,2.17,68,51,350.0,178.5,180.67
1385,27.8,1.74,125,2.17,68,56,350.0,196.0,198.17
1386,27.8,1.74,125,2.17,69,48,350.0,168.0,170.17
1387,27.8,1.74,125,2.17,68,52,350.0,182.0,184.17
1388,27.8,1.74,125,2.17,69,54,350.0,189.0,191.17
1389,27.8,1.74,125,2.17,68,48,350.0,168.0,170.17
1390,27.8,1.74,125,2.17,69,52,350.0,182.0,184.17
1391,27.8,1.74,125,2.17,69,51,350.0,178.5,180.67
1392,27.8,1.74,125,2.17,68,53,350.0,185.5,187.67
1393,27.8,1.74,125,2.17,69,45,350.0,157.5,159.67
1394,27.8,1.74,125,2.17,69,53,350.0,185.5,187.67
1395,27.8,1.74,125,2.17,69,50,350.0,175.0,177.17
1396,27.8,1.74,125,2.17,69,55,350.0,192.5,194.67
1397,27.8,1.74,125,2.17,69,53,350.0,185.5,187.67
1398,27.8,1.74,125,2.17,68,40,350.0,140.0,142.17
1399,27.8,1.74,125,2.17,69,55,350.0,192.5,194.67
1400,27.8,1.74,125,2.17,69,29,350.0,101.5,103.67
1401,27.8,1.74,125,2.17,70,53,350.0,185.5,187.67
1402,27.8,1.74,125,2.17,69,53,350.0,185.5,187.67
1403,27.8,1.74,125,2.17,69,49,350.0,171.5,173.67
1404,27.8,1.74,125,2.17,69,39,350.0,136.5,138.67
1405,27.8,1.74,125,2.17,70,53,350.0,185.5,187.67
1406,27.8,1.74,125,2.17,70,39,350.0,136.5,138.67
1407,27.8,1.74,125,2.17,70,49,350.0,171.5,173.67
1408,27.8,1.74,125,2.17,70,52,350.0,182.0,184.17
1409,27.8,1.74,125,2.17,70,46,350.0,161.0,163.17
1410,27.8,1.74,125,2.17,70,52,350.0,182.0,184.17
1411,27.8,1.74,125,2.17,70,53,350.0,185.5,187.67
1412,27.8,1.74,125,2.17,70,43,350.0,150.5,152.67
1413,27.8,1.74,125,2.17,70,41,350.0,143.5,145.67
1414,27.8,1.74,125,2.17,70,51,350.0,178.5,180.67
1415,27.8,1.74,125,2.17,70,43,350.0,150.5,152.67
1416,27.8,1.74,125,2.17,70,48,350.0,168.0,170.17
1417,27.8,1.74,125,2.17,68,4,350.0,14.0,16.17
1418,27.8,1.74,125,2.17,70,49,350.0,171.5,173.67
1419,27.8,1.74,125,2.17,68,4,350.0,14.0,16.17
1420,27.8,1.74,125,2.17,70,49,350.0,171.5,173.67
1421,27.8,1.74,125,2.17,70,48,350.0,168.0,170.17
1422,27.8,1.74,125,2.17,70,47,350.0,164.5,166.67
1423,27.8,1.74,125,2.17,71,50,351.5,175.75,177.92
1424,27.8,1.74,125,2.17,66,55,350.0,192.5,194.67
1425,27.8,1.74,125,2.17,68,51,350.0,178.5,180.67
1426,27.8,1.74,125,2.17,65,0,350.0,0.0,2.17
1427,27.8,1.74,125,2.17,64,0,350.0,0.0,2.17
1428,27.8,1.74,125,2.17,64,7,350.0,24.5,26.67
1429,27.8,1.74,125,2.17,63,8,350.0,28.0,30.17
1430,27.8,1.74,125,2.17,67,54,350.0,189.0,191.17
1431,27.8,1.74,125,2.17,67,45,350.0,157.5,159.67
1432,27.8,1.74,125,2.17,68,54,350.0,189.0,191.17
1433,27.8,1.74,125,2.17,68,52,350.0,182.0,184.17
1434,27.8,1.74,125,2.17,69,57,350.0,199.5,201.67
1435,27.8,1.74,125,2.17,69,53,350.0,185.5,187.67
1436,27.8,1.74,125,2.17,68,52,350.0,182.0,184.17
1437,27.8,1.74,125,2.17,69,58,350.0,203.0,205.17
1438,27.8,1.74,125,2.17,67,23,350.0,80.5,82.67
1439,27.8,1.74,125,2.17,69,56,350.0,196.0,198.17
1440,27.8,1.74,125,2.17,68,47,350.0,164.5,166.67
1441,27.8,1.74,125,2.17,69,51,350.0,178.5,180.67
1442,27.8,1.74,125,2.17,69,55,350.0,192.5,194.67
1443,27.8,1.74,125,2.17,69,55,350.0,192.5,194.67
1444,27.8,1.74,125,2.17,70,52,350.0,182.0,184.17
1445,27.8,1.74,125,2.17,69,53,350.0,185.5,187.67
1446,27.8,1.74,125,2.17,68,27,350.0,94.5,96.67
1447,27.8,1.74,125,2.17,70,50,350.0,175.0,177.17
1448,27.8,1.74,125,2.17,70,54,350.0,189.0,191.17
1449,27.8,1.74,125,2.17,70,53,350.0,185.5,187.67
1450,27.8,1.74,125,2.17,70,49,350.0,171.5,173.67
1451,27.8,1.74,125,2.17,69,53,350.0,185.5,187.67
1452,27.8,1.74,125,2.17,70,51,350.0,178.5,180.67
1453,27.8,1.74,125,2.17,70,51,350.0,178.5,180.67
1454,27.8,1.74,125,2.17,70,56,350.0,196.0,198.17
1455,27.8,1.74,125,2.17,70,52,350.0,182.0,184.17
1456,27.8,1.74,125,2.17,70,48,350.0,168.0,170.17
1457,27.8,1.74,125,2.17,70,21,350.0,73.5,75.67
1458,27.8,1.74,125,2.17,71,54,351.5,189.81,191.98
1459,27.8,1.74,125,2.17,70,34,350.0,119.0,121.17
1460,27.8,1.74,125,2.17,71,49,351.5,172.24,174.41
1461,27.8,1.74,125,2.17,70,45,350.0,157.5,159.67
1462,27.8,1.74,125,2.17,71,56,351.5,196.84,199.01
1463,27.8,1.74,125,2.17,71,52,351.5,182.78,184.95
1464,27.8,1.74,125,2.17,71,55,351.5,193.32,195.48999999999998
1465,27.8,1.74,125,2.17,71,50,351.5,175.75,177.92
1466,27.8,1.74,125,2.17,70,39,350.0,136.5,138.67
1467,27.8,1.74,125,2.17,71,51,351.5,179.26,181.42999999999998
1468,27.8,1.73,125,2.16,66,48,350.0,168.0,170.16
1469,27.8,1.73,125,2.16,66,48,350.0,168.0,170.16
1470,27.8,1.73,125,2.16,66,48,350.0,168.0,170.16
1471,27.8,1.73,125,2.16,66,51,350.0,178.5,180.66
1472,27.8,1.73,125,2.16,63,48,350.0,168.0,170.16
1473,27.8,1.73,125,2.16,63,45,350.0,157.5,159.66
1474,27.8,1.73,125,2.16,62,0,350.0,0.0,2.16
1475,27.8,1.73,125,2.16,60,0,350.0,0.0,2.16
1476,27.8,1.73,125,2.16,60,10,350.0,35.0,37.16
1477,27.8,1.73,125,2.16,61,8,350.0,28.0,30.16
1478,27.8,1.73,125,2.16,64,58,350.0,203.0,205.16
1479,27.8,1.73,125,2.16,64,46,350.0,161.0,163.16
1480,27.8,1.73,125,2.16,65,57,350.0,199.5,201.66
1481,27.8,1.73,125,2.16,65,55,350.0,192.5,194.66
1482,27.8,1.73,125,2.16,65,57,350.0,199.5,201.66
1483,27.8,1.73,125,2.16,66,54,350.0,189.0,191.16
1484,27.8,1.73,125,2.16,66,53,350.0,185.5,187.66
1485,27.8,1.73,125,2.16,65,55,350.0,192.5,194.66
1486,27.8,1.73,125,2.16,66,55,350.0,192.5,194.66
1487,27.8,1.73,125,2.16,66,47,350.0,164.5,166.66
1488,27.8,1.73,125,2.16,66,53,350.0,185.5,187.66
1489,27.8,1.73,125,2.16,66,50,350.0,175.0,177.16
1490,27.8,1.73,125,2.16,67,50,350.0,175.0,177.16
1491,27.8,1.73,125,2.16,67,55,350.0,192.5,194.66
1492,27.8,1.73,125,2.16,67,37,350.0,129.5,131.66
1493,27.8,1.73,125,2.16,66,55,350.0,192.5,194.66
1494,27.8,1.73,125,2.16,67,53,350.0,185.5,187.66
1495,27.8,1.73,125,2.16,67,53,350.0,185.5,187.66
1496,27.8,1.73,125,2.16,67,54,350.0,189.0,191.16
1497,27.8,1.73,125,2.16,67,56,350.0,196.0,198.16
1498,27.8,1.73,125,2.16,67,49,350.0,171.5,173.66
1499,27.8,1.73,125,2.16,67,52,350.0,182.0,184.16
1500,27.8,1.73,125,2.16,68,57,350.0,199.5,201.66
1501,27.8,1.73,125,2.16,68,51,350.0,178.5,180.66
1502,27.8,1.73,125,2.16,68,51,350.0,178.5,180.66
1503,27.8,1.73,125,2.16,68,56,350.0,196.0,198.16
1504,27.8,1.73,125,2.16,68,55,350.0,192.5,194.66
1505,27.8,1.73,125,2.16,68,58,350.0,203.0,205.16
1506,27.8,1.73,125,2.16,68,53,350.0,185.5,187.66
1507,27.8,1.73,125,2.16,68,43,350.0,150.5,152.66
1508,27.8,1.73,125,2.16,68,50,350.0,175.0,177.16
1509,27.8,1.73,125,2.16,68,51,350.0,178.5,180.66
1510,27.8,1.73,125,2.16,68,52,350.0,182.0,184.16
1511,27.8,1.73,125,2.16,68,54,350.0,189.0,191.16
1512,27.8,1.73,125,2.16,69,52,350.0,182.0,184.16
1513,27.8,1.73,125,2.16,68,47,350.0,164.5,166.66
1514,27.8,1.73,125,2.16,68,53,350.0,185.5,187.66
1515,27.8,1.73,125,2.16,69,53,350.0,185.5,187.66
1516,27.8,1.73,125,2.16,67,21,350.0,73.5,75.66
1517,27.8,1.73,125,2.16,69,52,350.0,182.0,184.16
1518,27.8,1.73,125,2.16,68,42,350.0,147.0,149.16
1519,27.8,1.73,125,2.16,68,53,350.0,185.5,187.66
1520,27.8,1.73,125,2.16,69,52,350.0,182.0,184.16
1521,27.8,1.73,125,2.16,69,56,350.0,196.0,198.16
1522,27.8,1.73,125,2.16,69,54,350.0,189.0,191.16
1523,27.8,1.73,125,2.16,69,55,350.0,192.5,194.66
1524,27.8,1.73,125,2.16,69,55,350.0,192.5,194.66
1525,27.8,1.73,125,2.16,69,55,350.0,192.5,194.66
1526,27.8,1.73,125,2.16,69,51,350.0,178.5,180.66
1527,27.8,1.73,125,2.16,69,44,350.0,154.0,156.16
1528,27.8,1.73,125,2.16,69,55,350.0,192.5,194.66
1529,27.8,1.73,125,2.16,69,44,350.0,154.0,156.16
1530,27.8,1.73,125,2.16,69,49,350.0,171.5,173.66
1531,27.8,1.73,125,2.17,67,5,350.0,17.5,19.67
1532,27.8,1.73,125,2.17,69,54,350.0,189.0,191.17
1533,27.8,1.73,125,2.17,67,5,350.0,17.5,19.67
1534,27.8,1.73,125,2.17,69,55,350.0,192.5,194.67
1535,27.8,1.73,125,2.17,69,48,350.0,168.0,170.17
1536,27.8,1.73,125,2.17,69,49,350.0,171.5,173.67
1537,27.8,1.73,125,2.17,69,54,350.0,189.0,191.17
1538,27.8,1.73,125,2.17,65,51,350.0,178.5,180.67
1539,27.8,1.73,125,2.17,64,17,350.0,59.5,61.67
1540,27.8,1.73,125,2.17,63,0,350.0,0.0,2.17
1541,27.8,1.73,125,2.17,62,0,350.0,0.0,2.17
1542,27.8,1.73,125,2.17,62,9,350.0,31.5,33.67
1543,27.8,1.73,125,2.17,63,9,350.0,31.5,33.67
1544,27.8,1.73,125,2.17,66,60,350.0,210.0,212.17
1545,27.8,1.73,125,2.17,66,45,350.0,157.5,159.67
1546,27.8,1.73,125,2.17,66,52,350.0,182.0,184.17
1547,27.8,1.73,125,2.17,66,55,350.0,192.5,194.67
1548,27.8,1.73,125,2.17,67,53,350.0,185.5,187.67
1549,27.8,1.73,125,2.17,67,53,350.0,185.5,187.67
1550,27.8,1.73,125,2.17,67,53,350.0,185.5,187.67
1551,27.8,1.73,125,2.17,67,56,350.0,196.0,198.17
1552,27.8,1.73,125,2.17,67,53,350.0,185.5,187.67
1553,27.8,1.73,125,2.17,67,57,350.0,199.5,201.67
1554,27.8,1.73,125,2.17,67,55,350.0,192.5,194.67
1555,27.8,1.73,125,2.17,68,50,350.0,175.0,177.17
1556,27.8,1.73,125,2.17,68,52,350.0,182.0,184.17
1557,27.8,1.73,125,2.17,68,54,350.0,189.0,191.17
1558,27.8,1.73,125,2.17,68,51,350.0,178.5,180.67
1559,27.8,1.73,125,2.17,68,53,350.0,185.5,187.67
1560,27.8,1.73,125,2.17,68,37,350.0,129.5,131.67
1561,27.8,1.73,125,2.17,69,57,350.0,199.5,201.67
1562,27.8,1.73,125,2.17,69,50,350.0,175.0,177.17
1563,27.8,1.73,125,2.17,66,13,350.0,45.5,47.67
1564,27.8,1.73,125,2.17,69,56,350.0,196.0,198.17
1565,27.8,1.73,125,2.17,69,51,350.0,178.5,180.67
1566,27.8,1.73,125,2.17,69,48,350.0,168.0,170.17
1567,27.8,1.73,125,2.17,69,51,350.0,178.5,180.67
1568,27.8,1.73,125,2.17,69,50,350.0,175.0,177.17
1569,27.8,1.73,125,2.17,69,24,350.0,84.0,86.17
1570,27.8,1.73,125,2.17,69,53,350.0,185.5,187.67
1571,27.8,1.73,125,2.17,69,52,350.0,182.0,184.17
1572,27.8,1.72,125,2.15,59,54,350.0,189.0,191.15
1573,27.8,1.72,125,2.15,59,55,350.0,192.5,194.65
1574,27.8,1.72,125,2.15,58,49,350.0,171.5,173.65
1575,27.8,1.72,125,2.15,59,49,350.0,171.5,173.65
1576,27.8,1.72,125,2.15,60,54,350.0,189.0,191.15
1577,27.8,1.72,125,2.15,59,45,350.0,157.5,159.65
1578,27.8,1.72,125,2.15,60,49,350.0,171.5,173.65
1579,27.8,1.72,125,2.15,60,47,350.0,164.5,166.65
1580,27.8,1.72,125,2.15,60,51,350.0,178.5,180.65
1581,27.8,1.72,125,2.15,60,41,350.0,143.5,145.65
1582,27.8,1.72,125,2.15,60,50,350.0,175.0,177.15
1583,27.8,1.72,125,2.15,60,52,350.0,182.0,184.15
1584,27.8,1.72,125,2.15,60,51,350.0,178.5,180.65
1585,27.8,1.72,125,2.15,59,33,350.0,115.5,117.65
1586,27.8,1.72,125,2.15,60,50,350.0,175.0,177.15
1587,27.8,1.72,125,2.15,59,42,350.0,147.0,149.15
1588,27.8,1.72,125,2.15,61,50,350.0,175.0,177.15
1589,27.8,1.72,125,2.15,61,50,350.0,175.0,177.15
1590,27.8,1.72,125,2.15,60,49,350.0,171.5,173.65
1591,27.8,1.72,125,2.15,58,0,350.0,0.0,2.15
1592,27.8,1.72,125,2.15,59,50,350.0,175.0,177.15
1593,27.8,1.72,125,2.15,58,51,350.0,178.5,180.65
1594,27.8,1.72,125,2.15,57,0,350.0,0.0,2.15
1595,27.8,1.72,125,2.15,56,0,350.0,0.0,2.15
1596,27.8,1.72,125,2.15,56,18,350.0,63.0,65.15
1597,27.8,1.72,125,2.15,57,50,350.0,175.0,177.15
1598,27.8,1.72,125,2.15,60,59,350.0,206.5,208.65
1599,27.8,1.72,125,2.15,59,44,350.0,154.0,156.15
1600,27.8,1.72,125,2.15,60,56,350.0,196.0,198.15
1601,27.8,1.72,125,2.15,60,53,350.0,185.5,187.65
1602,27.8,1.72,125,2.15,61,51,350.0,178.5,180.65
1603,27.8,1.72,125,2.15,61,52,350.0,182.0,184.15
1604,27.8,1.72,125,2.15,61,57,350.0,199.5,201.65
1605,27.8,1.72,125,2.15,60,44,350.0,154.0,156.15
1606,27.8,1.72,125,2.15,61,49,350.0,171.5,173.65
1607,27.8,1.72,125,2.15,61,43,350.0,150.5,152.65
1608,27.8,1.72,125,2.15,62,57,350.0,199.5,201.65
1609,27.8,1.72,125,2.15,61,51,350.0,178.5,180.65
1610,27.8,1.72,125,2.15,62,49,350.0,171.5,173.65
1611,27.8,1.72,125,2.15,62,57,350.0,199.5,201.65
1612,27.8,1.72,125,2.15,61,48,350.0,168.0,170.15
1613,27.8,1.72,125,2.15,62,53,350.0,185.5,187.65
1614,27.8,1.72,125,2.15,62,52,350.0,182.0,184.15
1615,27.8,1.72,125,2.15,62,43,350.0,150.5,152.65
1616,27.8,1.72,125,2.15,62,55,350.0,192.5,194.65
1617,27.8,1.72,125,2.15,62,39,350.0,136.5,138.65
1618,27.8,1.72,125,2.15,63,54,350.0,189.0,191.15
1619,27.8,1.72,125,2.15,63,51,350.0,178.5,180.65
1620,27.8,1.72,125,2.15,63,54,350.0,189.0,191.15
1621,27.8,1.72,125,2.15,62,50,350.0,175.0,177.15
1622,27.8,1.72,125,2.15,63,56,350.0,196.0,198.15
1623,27.8,1.72,125,2.15,63,55,350.0,192.5,194.65
1624,27.8,1.72,125,2.15,62,38,350.0,133.0,135.15
1625,27.8,1.72,125,2.15,64,52,350.0,182.0,184.15
1626,27.8,1.72,125,2.15,63,25,350.0,87.5,89.65
1627,27.8,1.72,125,2.15,63,55,350.0,192.5,194.65
1628,27.8,1.72,125,2.15,63,44,350.0,154.0,156.15
1629,27.8,1.72,125,2.15,64,49,350.0,171.5,173.65
1630,27.8,1.72,125,2.15,64,48,350.0,168.0,170.15
1631,27.8,1.72,125,2.15,64,51,350.0,178.5,180.65
1632,27.8,1.72,125,2.15,64,54,350.0,189.0,191.15
1633,27.8,1.72,125,2.15,63,44,350.0,154.0,156.15
1634,27.8,1.72,125,2.15,64,52,350.0,182.0,184.15
1635,27.8,1.72,125,2.15,63,50,350.0,175.0,177.15
1636,27.8,1.72,125,2.15,64,54,350.0,189.0,191.15
1637,27.8,1.72,125,2.15,63,5,350.0,17.5,19.65
1638,27.8,1.72,125,2.15,64,52,350.0,182.0,184.15
1639,27.8,1.72,125,2.15,64,45,350.0,157.5,159.65
1640,27.8,1.72,125,2.15,65,49,350.0,171.5,173.65
1641,27.8,1.72,125,2.15,64,36,350.0,126.0,128.15
1642,27.8,1.72,125,2.15,65,50,350.0,175.0,177.15
1643,27.8,1.72,125,2.15,64,49,350.0,171.5,173.65
1644,27.8,1.72,125,2.15,64,53,350.0,185.5,187.65
1645,27.8,1.72,125,2.15,65,51,350.0,178.5,180.65
1646,27.8,1.72,125,2.15,65,50,350.0,175.0,177.15
1647,27.8,1.72,125,2.15,65,43,350.0,150.5,152.65
1648,27.8,1.72,125,2.15,65,50,350.0,175.0,177.15
1649,27.8,1.72,125,2.15,65,53,350.0,185.5,187.65
1650,27.8,1.72,125,2.15,64,45,350.0,157.5,159.65
1651,27.8,1.72,125,2.15,65,48,350.0,168.0,170.15
1652,27.8,1.72,125,2.15,63,5,350.0,17.5,19.65
1653,27.8,1.72,125,2.15,65,48,350.0,168.0,170.15
1654,27.8,1.72,125,2.15,64,5,350.0,17.5,19.65
1655,27.8,1.72,125,2.15,65,48,350.0,168.0,170.15
1656,27.8,1.72,125,2.15,65,51,350.0,178.5,180.65
1657,27.8,1.72,125,2.15,65,50,350.0,175.0,177.15
1658,27.8,1.72,125,2.15,66,51,350.0,178.5,180.65
1659,27.8,1.72,125,2.15,63,0,350.0,0.0,2.15
1660,27.8,1.72,125,2.15,61,40,350.0,140.0,142.15
1661,27.8,1.72,125,2.15,60,0,350.0,0.0,2.15
1662,27.8,1.72,125,2.15,58,0,350.0,0.0,2.15
1663,27.8,1.72,125,2.15,59,16,350.0,56.0,58.15
1664,27.8,1.72,125,2.15,60,57,350.0,199.5,201.65
1665,27.8,1.72,125,2.15,63,57,350.0,199.5,201.65
1666,27.8,1.72,125,2.15,62,28,350.0,98.0,100.15
1667,27.8,1.72,125,2.15,63,52,350.0,182.0,184.15
1668,27.8,1.72,125,2.15,63,49,350.0,171.5,173.65
1669,27.8,1.72,125,2.15,64,58,350.0,203.0,205.15
1670,27.8,1.72,125,2.15,64,52,350.0,182.0,184.15
1671,27.8,1.72,125,2.15,64,57,350.0,199.5,201.65
1672,27.8,1.72,125,2.15,65,46,350.0,161.0,163.15
1673,27.8,1.72,125,2.15,65,49,350.0,171.5,173.65
1674,27.8,1.72,125,2.15,65,53,350.0,185.5,187.65
1675,27.8,1.72,125,2.15,64,52,350.0,182.0,184.15
1676,27.8,1.72,125,2.15,66,48,350.0,168.0,170.15
1677,27.8,1.72,125,2.15,66,51,350.0,178.5,180.65
1678,27.8,1.72,125,2.15,66,49,350.0,171.5,173.65
1679,27.8,1.72,125,2.15,66,49,350.0,171.5,173.65
1680,27.8,1.72,125,2.15,66,44,350.0,154.0,156.15
1681,27.8,1.72,125,2.15,66,49,350.0,171.5,173.65
1682,27.8,1.72,125,2.15,66,47,350.0,164.5,166.65
1683,27.8,1.72,125,2.15,65,43,350.0,150.5,152.65
1684,27.8,1.72,125,2.15,66,48,350.0,168.0,170.15
1685,27.8,1.72,125,2.15,65,5,350.0,17.5,19.65
1686,27.8,1.72,125,2.15,66,48,350.0,168.0,170.15
1687,27.8,1.72,125,2.15,66,48,350.0,168.0,170.15
1688,27.8,1.72,125,2.15,66,50,350.0,175.0,177.15
1689,27.8,1.72,125,2.15,66,48,350.0,168.0,170.15
1690,27.8,1.72,125,2.15,67,44,350.0,154.0,156.15
1691,27.8,1.72,125,2.15,67,48,350.0,168.0,170.15
1692,27.8,1.72,125,2.15,63,49,350.0,171.5,173.65
1693,27.8,1.72,125,2.15,64,50,350.0,175.0,177.15
1694,27.8,1.72,125,2.15,62,0,350.0,0.0,2.15
1695,27.8,1.72,125,2.15,60,0,350.0,0.0,2.15
1696,27.8,1.72,125,2.15,60,5,350.0,17.5,19.65
1697,27.8,1.72,125,2.15,60,7,350.0,24.5,26.65
1698,27.8,1.72,125,2.15,64,54,350.0,189.0,191.15
1699,27.8,1.72,125,2.15,64,45,350.0,157.5,159.65
1700,27.8,1.72,125,2.15,64,57,350.0,199.5,201.65
1701,27.8,1.72,125,2.15,65,48,350.0,168.0,170.15
1702,27.8,1.72,125,2.15,65,57,350.0,199.5,201.65
1703,27.8,1.72,125,2.15,65,57,350.0,199.5,201.65
1704,27.8,1.72,125,2.15,65,54,350.0,189.0,191.15
1705,27.8,1.72,125,2.15,66,53,350.0,185.5,187.65
1706,27.8,1.72,125,2.15,65,57,350.0,199.5,201.65
1707,27.8,1.72,125,2.15,65,54,350.0,189.0,191.15
1708,27.8,1.72,125,2.15,66,50,350.0,175.0,177.15
1709,27.8,1.72,125,2.15,66,52,350.0,182.0,184.15
1710,27.8,1.72,125,2.15,66,54,350.0,189.0,191.15
1711,27.8,1.72,125,2.15,66,56,350.0,196.0,198.15
1712,27.8,1.72,125,2.15,67,57,350.0,199.5,201.65
1713,27.8,1.72,125,2.15,66,49,350.0,171.5,173.65
1714,27.8,1.72,125,2.15,66,49,350.0,171.5,173.65
1715,27.8,1.72,125,2.15,67,53,350.0,185.5,187.65
1716,27.8,1.72,125,2.15,67,51,350.0,178.5,180.65
1717,27.8,1.72,125,2.15,64,5,350.0,17.5,19.65
1718,27.8,1.72,125,2.15,67,56,350.0,196.0,198.15
1719,27.8,1.72,125,2.15,67,54,350.0,189.0,191.15
1720,27.8,1.72,125,2.15,67,47,350.0,164.5,166.65
1721,27.8,1.72,125,2.15,67,55,350.0,192.5,194.65
1722,27.8,1.72,125,2.15,68,54,350.0,189.0,191.15
1723,27.8,1.72,125,2.15,67,53,350.0,185.5,187.65
1724,27.8,1.72,125,2.15,68,58,350.0,203.0,205.15
1725,27.8,1.72,125,2.15,68,51,350.0,178.5,180.65
1726,27.8,1.72,125,2.15,67,7,350.0,24.5,26.65
1727,27.8,1.72,125,2.15,68,56,350.0,196.0,198.15
1728,27.8,1.72,125,2.15,67,44,350.0,154.0,156.15
1729,27.8,1.72,125,2.15,68,48,350.0,168.0,170.15
1730,27.8,1.72,125,2.15,67,56,350.0,196.0,198.15
1731,27.8,1.72,125,2.15,68,52,350.0,182.0,184.15
1732,27.8,1.72,125,2.15,68,56,350.0,196.0,198.15
1733,27.8,1.72,125,2.15,68,46,350.0,161.0,163.15
1734,27.8,1.72,125,2.15,68,54,350.0,189.0,191.15
1735,27.8,1.72,125,2.15,68,24,350.0,84.0,86.15
1736,27.8,1.72,125,2.15,68,50,350.0,175.0,177.15
1737,27.8,1.72,125,2.15,68,52,350.0,182.0,184.15
1738,27.8,1.72,125,2.15,68,50,350.0,175.0,177.15
1739,27.8,1.72,125,2.15,68,47,350.0,164.5,166.65
1740,27.8,1.72,125,2.15,68,54,350.0,189.0,191.15
1741,27.8,1.72,125,2.15,68,55,350.0,192.5,194.65
1742,27.8,1.72,125,2.15,67,53,350.0,185.5,187.65
1743,27.8,1.72,125,2.15,68,55,350.0,192.5,194.65
1744,27.8,1.72,125,2.15,69,54,350.0,189.0,191.15
1745,27.8,1.72,125,2.15,68,55,350.0,192.5,194.65
1746,27.8,1.72,125,2.15,69,52,350.0,182.0,184.15
1747,27.8,1.72,125,2.15,68,43,350.0,150.5,152.65
1748,27.8,1.72,125,2.15,69,52,350.0,182.0,184.15
1749,27.8,1.72,125,2.15,68,44,350.0,154.0,156.15
1750,27.8,1.72,125,2.15,69,48,350.0,168.0,170.15
1751,27.8,1.72,125,2.15,69,54,350.0,189.0,191.15
1752,27.8,1.72,125,2.15,69,49,350.0,171.5,173.65
1753,27.8,1.72,125,2.15,68,51,350.0,178.5,180.65
1754,27.8,1.72,125,2.15,69,49,350.0,171.5,173.65
1755,27.8,1.72,125,2.15,68,38,350.0,133.0,135.15
1756,27.8,1.72,125,2.15,69,51,350.0,178.5,180.65
1757,27.8,1.72,125,2.15,69,53,350.0,185.5,187.65
1758,27.8,1.72,125,2.15,67,6,350.0,21.0,23.15
1759,27.8,1.72,125,2.15,52,53,350.0,185.5,187.65
1760,27.8,1.72,125,2.15,52,41,350.0,143.5,145.65
1761,27.8,1.72,125,2.15,51,0,350.0,0.0,2.15
1762,27.8,1.72,125,2.15,50,0,350.0,0.0,2.15
1763,27.8,1.72,125,2.15,50,18,350.0,63.0,65.15
1764,27.8,1.72,125,2.15,51,33,350.0,115.5,117.65
1765,27.8,1.72,125,2.15,54,55,350.0,192.5,194.65
1766,27.8,1.72,125,2.15,55,46,350.0,161.0,163.15
1767,27.8,1.72,125,2.15,55,45,350.0,157.5,159.65
1768,27.8,1.72,125,2.15,56,48,350.0,168.0,170.15
1769,27.8,1.72,125,2.15,57,54,350.0,189.0,191.15
1770,27.8,1.72,125,2.15,57,55,350.0,192.5,194.65
1771,27.8,1.72,125,2.15,57,51,350.0,178.5,180.65
1772,27.8,1.72,125,2.15,57,50,350.0,175.0,177.15
1773,27.8,1.72,125,2.15,57,57,350.0,199.5,201.65
1774,27.8,1.72,125,2.15,57,45,350.0,157.5,159.65
1775,27.8,1.72,125,2.15,58,51,350.0,178.5,180.65
1776,27.8,1.72,125,2.15,58,53,350.0,185.5,187.65
1777,27.8,1.72,125,2.15,58,57,350.0,199.5,201.65
1778,27.8,1.71,125,2.14,65,53,350.0,185.5,187.64
1779,27.8,1.71,125,2.14,65,52,350.0,182.0,184.14
1780,27.8,1.71,125,2.14,65,52,350.0,182.0,184.14
1781,27.8,1.71,125,2.14,65,49,350.0,171.5,173.64
1782,27.8,1.71,125,2.14,65,53,350.0,185.5,187.64
1783,27.8,1.71,125,2.14,65,50,350.0,175.0,177.14
1784,27.8,1.71,125,2.14,65,53,350.0,185.5,187.64
1785,27.8,1.71,125,2.14,65,44,350.0,154.0,156.14
1786,27.8,1.71,125,2.14,65,49,350.0,171.5,173.64
1787,27.8,1.71,125,2.14,65,49,350.0,171.5,173.64
1788,27.8,1.71,125,2.14,65,45,350.0,157.5,159.64
1789,27.8,1.71,125,2.14,65,50,350.0,175.0,177.14
1790,27.8,1.71,125,2.14,65,37,350.0,129.5,131.64
1791,27.8,1.71,125,2.14,65,50,350.0,175.0,177.14
1792,27.8,1.71,125,2.14,65,48,350.0,168.0,170.14
1793,27.8,1.71,125,2.14,65,50,350.0,175.0,177.14
1794,27.8,1.71,125,2.14,66,48,350.0,168.0,170.14
1795,27.8,1.71,125,2.14,66,52,350.0,182.0,184.14
1796,27.8,1.71,125,2.14,66,51,350.0,178.5,180.64
1797,27.8,1.71,125,2.14,61,56,350.0,196.0,198.14
1798,27.8,1.71,125,2.14,62,50,350.0,175.0,177.14
1799,27.8,1.71,125,2.14,60,0,350.0,0.0,2.14
1800,27.8,1.71,125,2.14,59,0,350.0,0.0,2.14
