Times,CPU Temperature (°C),CPU Usage (%),Adjusted CPU Power (W),CPU Energy (J),GPU Temperature (°C),GPU Usage (%),Adjusted GPU Power (W),GPU Energy (J),Total Energy (J)
1,27.8,2.37,125,2.96,51,6,350,21,23.96
2,27.8,2.37,125,2.96,52,6,350,21,23.96
3,27.8,2.37,125,2.96,55,80,350,280,282.96
4,27.8,2.37,125,2.96,54,5,350,17.5,20.46
5,27.8,2.37,125,2.96,55,44,350,154,156.96
6,27.8,2.37,125,2.96,56,80,350,280,282.96
7,27.8,2.37,125,2.96,55,2,350,7,9.96
8,27.8,2.37,125,2.96,55,4,350,14,16.96
9,27.8,2.37,125,2.96,58,80,350,280,282.96
10,27.8,2.37,125,2.96,58,80,350,280,282.96
11,27.8,2.37,125,2.96,58,71,350,248.5,251.46
12,27.8,2.37,125,2.96,57,31,350,108.5,111.46
13,27.8,2.37,125,2.96,58,76,350,266,268.96
14,27.8,2.37,125,2.96,59,59,350,206.5,209.46
15,27.8,2.37,125,2.96,59,80,350,280,282.96
16,27.8,2.37,125,2.96,57,0,350,0,2.96
17,27.8,2.37,125,2.96,57,0,350,0,2.96
18,27.8,2.37,125,2.96,56,0,350,0,2.96
19,27.8,2.37,125,2.96,56,0,350,0,2.96
20,27.8,2.37,125,2.96,56,0,350,0,2.96
21,27.8,2.37,125,2.96,56,0,350,0,2.96
22,27.8,2.37,125,2.96,56,0,350,0,2.96
23,27.8,2.37,125,2.96,56,0,350,0,2.96
24,27.8,2.37,125,2.96,56,0,350,0,2.96
25,27.8,2.37,125,2.96,56,0,350,0,2.96
26,27.8,2.37,125,2.96,56,0,350,0,2.96
27,27.8,2.37,125,2.96,59,82,350,287,289.96
28,27.8,2.37,125,2.96,60,78,350,273,275.96
29,27.8,2.37,125,2.96,60,78,350,273,275.96
30,27.8,2.37,125,2.96,61,83,350,290.5,293.46
31,27.8,2.37,125,2.96,61,78,350,273,275.96
32,27.8,2.37,125,2.96,61,80,350,280,282.96
33,27.8,2.37,125,2.96,62,83,350,290.5,293.46
34,27.8,2.37,125,2.96,62,78,350,273,275.96
35,27.8,2.37,125,2.96,63,82,350,287,289.96
36,27.8,2.37,125,2.96,60,21,350,73.5,76.46
37,27.8,2.37,125,2.96,60,0,350,0,2.96
38,27.8,2.37,125,2.96,59,20,350,70,72.96
39,27.8,2.37,125,2.96,60,66,350,231,233.96
40,27.8,2.37,125,2.96,60,2,350,7,9.96
41,27.8,2.37,125,2.96,60,4,350,14,16.96
42,27.8,2.37,125,2.96,62,84,350,294,296.96
43,27.8,2.37,125,2.96,62,65,350,227.5,230.46
44,27.8,2.37,125,2.96,62,0,350,0,2.96
45,27.8,2.37,125,2.96,60,3,350,10.5,13.46
46,27.8,2.37,125,2.96,63,80,350,280,282.96
47,27.8,2.37,125,2.97,61,4,350,14,16.97
48,27.8,2.37,125,2.97,64,74,350,259,261.97
49,27.8,2.37,125,2.97,61,2,350,7,9.97
50,27.8,2.37,125,2.97,63,40,350,140,142.97
51,27.8,2.37,125,2.97,63,49,350,171.5,174.47
52,27.8,2.37,125,2.97,63,74,350,259,261.97
53,27.8,2.37,125,2.97,62,0,350,0,2.97
54,27.8,2.37,125,2.97,60,0,350,0,2.97
55,27.8,2.37,125,2.97,60,0,350,0,2.97
56,27.8,2.37,125,2.97,60,0,350,0,2.97
57,27.8,2.37,125,2.97,60,0,350,0,2.97
58,27.8,2.37,125,2.97,60,0,350,0,2.97
59,27.8,2.37,125,2.97,60,0,350,0,2.97
60,27.8,2.37,125,2.97,60,0,350,0,2.97
61,27.8,2.37,125,2.97,59,0,350,0,2.97
62,27.8,2.37,125,2.97,63,83,350,290.5,293.47
63,27.8,2.37,125,2.97,64,79,350,276.5,279.47
64,27.8,2.37,125,2.97,65,83,350,290.5,293.47
65,27.8,2.37,125,2.97,65,81,350,283.5,286.47
66,27.8,2.37,125,2.97,65,78,350,273,275.97
67,27.8,2.37,125,2.97,65,83,350,290.5,293.47
68,27.8,2.37,125,2.97,65,77,350,269.5,272.47
69,27.8,2.37,125,2.97,66,79,350,276.5,279.47
70,27.8,2.37,125,2.97,64,48,350,168,170.97
71,27.8,2.37,125,2.97,63,0,350,0,2.97
72,27.8,2.37,125,2.97,62,5,350,17.5,20.47
73,27.8,2.37,125,2.97,61,6,350,21,23.97
74,27.8,2.37,125,2.97,63,34,350,119,121.97
75,27.8,2.37,125,2.97,63,2,350,7,9.97
76,27.8,2.37,125,2.97,63,2,350,7,9.97
77,27.8,2.37,125,2.97,65,79,350,276.5,279.47
78,27.8,2.37,125,2.97,64,4,350,14,16.97
79,27.8,2.37,125,2.97,64,8,350,28,30.97
80,27.8,2.37,125,2.97,65,79,350,276.5,279.47
81,27.8,2.37,125,2.97,66,79,350,276.5,279.47
82,27.8,2.37,125,2.97,64,0,350,0,2.97
83,27.8,2.37,125,2.97,65,78,350,273,275.97
84,27.8,2.37,125,2.97,66,50,350,175,177.97
85,27.8,2.37,125,2.97,66,51,350,178.5,181.47
86,27.8,2.37,125,2.97,66,77,350,269.5,272.47
87,27.8,2.37,125,2.97,64,0,350,0,2.97
88,27.8,2.37,125,2.97,64,0,350,0,2.97
89,27.8,2.37,125,2.97,62,0,350,0,2.97
90,27.8,2.37,125,2.97,62,0,350,0,2.97
91,27.8,2.37,125,2.97,62,0,350,0,2.97
92,27.8,2.37,125,2.97,62,0,350,0,2.97
93,27.8,2.37,125,2.97,62,0,350,0,2.97
94,27.8,2.37,125,2.97,62,0,350,0,2.97
95,27.8,2.37,125,2.97,61,0,350,0,2.97
96,27.8,2.37,125,2.97,61,0,350,0,2.97
97,27.8,2.37,125,2.97,61,0,350,0,2.97
98,27.8,2.37,125,2.97,61,0,350,0,2.97
99,27.8,2.37,125,2.97,61,0,350,0,2.97
100,27.8,2.37,125,2.97,61,0,350,0,2.97
101,27.8,2.37,125,2.97,61,0,350,0,2.97
102,27.8,2.37,125,2.97,62,26,350,91,93.97
103,27.8,2.37,125,2.97,65,78,350,273,275.97
104,27.8,2.37,125,2.97,65,82,350,287,289.97
105,27.8,2.37,125,2.97,66,82,350,287,289.97
106,27.8,2.37,125,2.97,66,77,350,269.5,272.47
107,27.8,2.37,125,2.97,67,83,350,290.5,293.47
108,27.8,2.37,125,2.97,67,79,350,276.5,279.47
109,27.8,2.37,125,2.97,67,83,350,290.5,293.47
110,27.8,2.37,125,2.97,67,78,350,273,275.97
111,27.8,2.37,125,2.97,65,1,350,3.5,6.47
112,27.8,2.37,125,2.97,65,0,350,0,2.97
113,27.8,2.37,125,2.97,63,7,350,24.5,27.47
114,27.8,2.37,125,2.97,63,7,350,24.5,27.47
115,27.8,2.37,125,2.97,67,71,350,248.5,251.47
116,27.8,2.37,125,2.97,64,0,350,0,2.97
117,27.8,2.37,125,2.97,64,6,350,21,23.97
118,27.8,2.37,125,2.97,66,80,350,280,282.97
119,27.8,2.37,125,2.97,65,4,350,14,16.97
120,27.8,2.37,125,2.97,65,37,350,129.5,132.47
121,27.8,2.37,125,2.97,67,79,350,276.5,279.47
122,27.8,2.37,125,2.97,67,71,350,248.5,251.47
123,27.8,2.37,125,2.97,65,2,350,7,9.97
124,27.8,2.37,125,2.97,68,86,350,301,303.97
125,27.8,2.37,125,2.97,66,38,350,133,135.97
126,27.8,2.37,125,2.97,66,67,350,234.5,237.47
127,27.8,2.37,125,2.97,67,80,350,280,282.97
128,27.8,2.37,125,2.97,66,0,350,0,2.97
129,27.8,2.37,125,2.97,65,0,350,0,2.97
130,27.8,2.37,125,2.97,64,0,350,0,2.97
131,27.8,2.37,125,2.97,63,0,350,0,2.97
132,27.8,2.37,125,2.97,63,0,350,0,2.97
133,27.8,2.37,125,2.97,63,0,350,0,2.97
134,27.8,2.37,125,2.97,63,0,350,0,2.97
135,27.8,2.37,125,2.97,63,0,350,0,2.97
136,27.8,2.37,125,2.97,62,0,350,0,2.97
137,27.8,2.37,125,2.97,62,0,350,0,2.97
138,27.8,2.37,125,2.97,62,0,350,0,2.97
139,27.8,2.37,125,2.97,62,0,350,0,2.97
140,27.8,2.37,125,2.97,62,0,350,0,2.97
141,27.8,2.37,125,2.97,62,0,350,0,2.97
142,27.8,2.37,125,2.97,62,0,350,0,2.97
143,27.8,2.37,125,2.97,66,82,350,287,289.97
144,27.8,2.37,125,2.97,67,81,350,283.5,286.47
145,27.8,2.37,125,2.97,67,79,350,276.5,279.47
146,27.8,2.37,125,2.97,67,84,350,294,296.97
147,27.8,2.37,125,2.97,68,79,350,276.5,279.47
148,27.8,2.37,125,2.97,68,83,350,290.5,293.47
149,27.8,2.37,125,2.97,68,77,350,269.5,272.47
150,27.8,2.37,125,2.97,68,83,350,290.5,293.47
151,27.8,2.37,125,2.97,66,60,350,210,212.97
152,27.8,2.37,125,2.97,65,0,350,0,2.97
153,27.8,2.37,125,2.97,64,6,350,21,23.97
154,27.8,2.37,125,2.97,64,7,350,24.5,27.47
155,27.8,2.37,125,2.97,67,71,350,248.5,251.47
156,27.8,2.37,125,2.97,65,2,350,7,9.97
157,27.8,2.37,125,2.97,66,20,350,70,72.97
158,27.8,2.37,125,2.97,68,78,350,273,275.97
159,27.8,2.37,125,2.97,66,4,350,14,16.97
160,27.8,2.37,125,2.97,66,31,350,108.5,111.47
161,27.8,2.37,125,2.97,68,75,350,262.5,265.47
162,27.8,2.37,125,2.97,68,79,350,276.5,279.47
163,27.8,2.37,125,2.97,67,65,350,227.5,230.47
164,27.8,2.37,125,2.97,67,36,350,126,128.97
165,27.8,2.37,125,2.97,68,80,350,280,282.97
166,27.8,2.37,125,2.97,68,49,350,171.5,174.47
167,27.8,2.37,125,2.97,68,77,350,269.5,272.47
168,27.8,2.37,125,2.97,66,0,350,0,2.97
169,27.8,2.37,125,2.97,66,0,350,0,2.97
170,27.8,2.37,125,2.97,64,0,350,0,2.97
171,27.8,2.37,125,2.97,64,0,350,0,2.97
172,27.8,2.37,125,2.97,64,0,350,0,2.97
173,27.8,2.37,125,2.97,64,0,350,0,2.97
174,27.8,2.37,125,2.97,63,0,350,0,2.97
175,27.8,2.37,125,2.97,63,0,350,0,2.97
176,27.8,2.37,125,2.97,63,0,350,0,2.97
177,27.8,2.37,125,2.97,63,0,350,0,2.97
178,27.8,2.37,125,2.97,63,0,350,0,2.97
179,27.8,2.37,125,2.97,63,0,350,0,2.97
180,27.8,2.37,125,2.97,63,0,350,0,2.97
181,27.8,2.37,125,2.97,63,0,350,0,2.97
182,27.8,2.37,125,2.97,66,83,350,290.5,293.47
183,27.8,2.37,125,2.97,67,78,350,273,275.97
184,27.8,2.37,125,2.97,68,79,350,276.5,279.47
185,27.8,2.37,125,2.97,68,77,350,269.5,272.47
186,27.8,2.37,125,2.97,68,83,350,290.5,293.47
187,27.8,2.37,125,2.97,68,78,350,273,275.97
188,27.8,2.37,125,2.97,69,83,350,290.5,293.47
189,27.8,2.37,125,2.97,69,80,350,280,282.97
190,27.8,2.37,125,2.97,68,80,350,280,282.97
191,27.8,2.37,125,2.97,66,0,350,0,2.97
192,27.8,2.37,125,2.97,65,2,350,7,9.97
193,27.8,2.37,125,2.97,64,7,350,24.5,27.47
194,27.8,2.37,125,2.97,66,36,350,126,128.97
195,27.8,2.37,125,2.97,66,3,350,10.5,13.47
196,27.8,2.37,125,2.97,65,2,350,7,9.97
197,27.8,2.37,125,2.97,68,77,350,269.5,272.47
198,27.8,2.37,125,2.97,66,47,350,164.5,167.47
199,27.8,2.37,125,2.97,68,81,350,283.5,286.47
200,27.8,2.37,125,2.97,68,3,350,10.5,13.47
201,27.8,2.37,125,2.97,69,79,350,276.5,279.47
202,27.8,2.37,125,2.97,66,2,350,7,9.97
203,27.8,2.37,125,2.97,69,82,350,287,289.97
204,27.8,2.37,125,2.97,66,0,350,0,2.97
205,27.8,2.37,125,2.97,69,79,350,276.5,279.47
206,27.8,2.37,125,2.97,69,42,350,147,149.97
207,27.8,2.37,125,2.97,67,29,350,101.5,104.47
208,27.8,2.37,125,2.97,66,0,350,0,2.97
209,27.8,2.37,125,2.97,65,0,350,0,2.97
210,27.8,2.37,125,2.97,64,0,350,0,2.97
211,27.8,2.37,125,2.97,64,0,350,0,2.97
212,27.8,2.37,125,2.97,64,0,350,0,2.97
213,27.8,2.37,125,2.97,64,0,350,0,2.97
214,27.8,2.37,125,2.97,64,0,350,0,2.97
215,27.8,2.37,125,2.97,67,78,350,273,275.97
216,27.8,2.37,125,2.97,68,83,350,290.5,293.47
217,27.8,2.37,125,2.97,69,78,350,273,275.97
218,27.8,2.37,125,2.97,69,83,350,290.5,293.47
219,27.8,2.37,125,2.97,69,77,350,269.5,272.47
220,27.8,2.37,125,2.97,70,83,350,290.5,293.47
221,27.8,2.37,125,2.97,69,77,350,269.5,272.47
222,27.8,2.37,125,2.97,70,78,350,273,275.97
223,27.8,2.37,125,2.97,70,83,350,290.5,293.47
224,27.8,2.37,125,2.97,67,21,350,73.5,76.47
225,27.8,2.37,125,2.97,67,0,350,0,2.97
226,27.8,2.37,125,2.97,65,11,350,38.5,41.47
227,27.8,2.37,125,2.97,66,22,350,77,79.97
228,27.8,2.37,125,2.97,67,37,350,129.5,132.47
229,27.8,2.37,125,2.97,66,3,350,10.5,13.47
230,27.8,2.37,125,2.97,69,82,350,287,289.97
231,27.8,2.37,125,2.97,69,68,350,238,240.97
232,27.8,2.37,125,2.97,68,0,350,0,2.97
233,27.8,2.37,125,2.97,67,0,350,0,2.97
234,27.8,2.37,125,2.97,69,79,350,276.5,279.47
235,27.8,2.37,125,2.97,67,4,350,14,16.97
236,27.8,2.37,125,2.97,70,81,350,283.5,286.47
237,27.8,2.37,125,2.97,67,2,350,7,9.97
238,27.8,2.37,125,2.97,69,50,350,175,177.97
239,27.8,2.37,125,2.97,69,34,350,119,121.97
240,27.8,2.37,125,2.97,68,73,350,255.5,258.47
241,27.8,2.37,125,2.97,67,0,350,0,2.97
242,27.8,2.37,125,2.97,66,0,350,0,2.97
243,27.8,2.37,125,2.97,65,0,350,0,2.97
244,27.8,2.37,125,2.97,65,0,350,0,2.97
245,27.8,2.37,125,2.97,65,0,350,0,2.97
246,27.8,2.37,125,2.97,64,0,350,0,2.97
247,27.8,2.37,125,2.97,64,0,350,0,2.97
248,27.8,2.37,125,2.97,64,0,350,0,2.97
249,27.8,2.37,125,2.97,64,0,350,0,2.97
250,27.8,2.37,125,2.97,64,0,350,0,2.97
251,27.8,2.37,125,2.97,64,0,350,0,2.97
252,27.8,2.37,125,2.97,64,0,350,0,2.97
253,27.8,2.37,125,2.97,64,0,350,0,2.97
254,27.8,2.37,125,2.97,64,0,350,0,2.97
255,27.8,2.37,125,2.97,63,0,350,0,2.97
256,27.8,2.37,125,2.97,66,56,350,196,198.97
257,27.8,2.37,125,2.97,68,83,350,290.5,293.47
258,27.8,2.37,125,2.97,68,79,350,276.5,279.47
259,27.8,2.37,125,2.97,69,84,350,294,296.97
260,27.8,2.37,125,2.97,69,82,350,287,289.97
261,27.8,2.37,125,2.97,69,79,350,276.5,279.47
262,27.8,2.37,125,2.97,69,81,350,283.5,286.47
263,27.8,2.37,125,2.97,70,84,350,294,296.97
264,27.8,2.37,125,2.97,70,79,350,276.5,279.47
265,27.8,2.37,125,2.97,67,3,350,10.5,13.47
266,27.8,2.37,125,2.97,67,0,350,0,2.97
267,27.8,2.37,125,2.97,65,7,350,24.5,27.47
268,27.8,2.37,125,2.97,65,6,350,21,23.97
269,27.8,2.37,125,2.97,69,83,350,290.5,293.47
270,27.8,2.37,125,2.97,66,2,350,7,9.97
271,27.8,2.37,125,2.97,66,4,350,14,16.97
272,27.8,2.37,125,2.97,69,80,350,280,282.97
273,27.8,2.37,125,2.97,67,4,350,14,16.97
274,27.8,2.37,125,2.97,67,40,350,140,142.97
275,27.8,2.37,125,2.97,68,75,350,262.5,265.47
276,27.8,2.37,125,2.97,70,77,350,269.5,272.47
277,27.8,2.37,125,2.97,68,27,350,94.5,97.47
278,27.8,2.37,125,2.97,69,74,350,259,261.97
279,27.8,2.37,125,2.97,68,5,350,17.5,20.47
280,27.8,2.37,125,2.97,69,79,350,276.5,279.47
281,27.8,2.37,125,2.97,69,79,350,276.5,279.47
282,27.8,2.37,125,2.97,68,0,350,0,2.97
283,27.8,2.37,125,2.97,67,0,350,0,2.97
284,27.8,2.37,125,2.97,65,0,350,0,2.97
285,27.8,2.37,125,2.97,65,0,350,0,2.97
286,27.8,2.37,125,2.97,65,0,350,0,2.97
287,27.8,2.37,125,2.97,65,0,350,0,2.97
288,27.8,2.37,125,2.97,65,0,350,0,2.97
289,27.8,2.37,125,2.97,64,0,350,0,2.97
290,27.8,2.37,125,2.97,64,0,350,0,2.97
291,27.8,2.37,125,2.97,64,0,350,0,2.97
292,27.8,2.37,125,2.97,64,0,350,0,2.97
293,27.8,2.37,125,2.97,66,49,350,171.5,174.47
294,27.8,2.37,125,2.97,68,78,350,273,275.97
295,27.8,2.37,125,2.97,69,83,350,290.5,293.47
296,27.8,2.37,125,2.97,69,78,350,273,275.97
297,27.8,2.37,125,2.97,69,81,350,283.5,286.47
298,27.8,2.37,125,2.97,70,80,350,280,282.97
299,27.8,2.37,125,2.97,70,81,350,283.5,286.47
300,27.8,2.37,125,2.97,70,79,350,276.5,279.47
301,27.8,2.37,125,2.97,70,82,350,287,289.97
302,27.8,2.37,125,2.97,68,1,350,3.5,6.47
303,27.8,2.37,125,2.97,67,0,350,0,2.97
304,27.8,2.37,125,2.97,66,7,350,24.5,27.47
305,27.8,2.37,125,2.97,65,7,350,24.5,27.47
306,27.8,2.37,125,2.97,68,67,350,234.5,237.47
307,27.8,2.37,125,2.97,67,2,350,7,9.97
308,27.8,2.37,125,2.97,67,4,350,14,16.97
309,27.8,2.37,125,2.97,70,80,350,280,282.97
310,27.8,2.37,125,2.97,67,4,350,14,16.97
311,27.8,2.37,125,2.97,67,32,350,112,114.97
312,27.8,2.37,125,2.97,69,68,350,238,240.97
313,27.8,2.37,125,2.97,70,76,350,266,268.97
314,27.8,2.37,125,2.97,67,2,350,7,9.97
315,27.8,2.37,125,2.97,70,77,350,269.5,272.47
316,27.8,2.37,125,2.97,68,20,350,70,72.97
317,27.8,2.37,125,2.97,69,76,350,266,268.97
318,27.8,2.37,125,2.97,70,78,350,273,275.97
319,27.8,2.37,125,2.97,68,0,350,0,2.97
320,27.8,2.37,125,2.97,67,0,350,0,2.97
321,27.8,2.37,125,2.97,66,0,350,0,2.97
322,27.8,2.37,125,2.97,66,0,350,0,2.97
323,27.8,2.37,125,2.97,65,0,350,0,2.97
324,27.8,2.37,125,2.97,65,0,350,0,2.97
325,27.8,2.37,125,2.97,65,0,350,0,2.97
326,27.8,2.37,125,2.97,65,0,350,0,2.97
327,27.8,2.37,125,2.97,64,0,350,0,2.97
328,27.8,2.37,125,2.97,64,0,350,0,2.97
329,27.8,2.37,125,2.97,68,81,350,283.5,286.47
330,27.8,2.37,125,2.97,69,82,350,287,289.97
331,27.8,2.37,125,2.97,70,79,350,276.5,279.47
332,27.8,2.37,125,2.97,70,80,350,280,282.97
333,27.8,2.37,125,2.97,70,75,350,262.5,265.47
334,27.8,2.37,125,2.97,70,83,350,290.5,293.47
335,27.8,2.37,125,2.97,70,79,350,276.5,279.47
336,27.8,2.37,125,2.97,71,80,351.5,281.2,284.17
337,27.8,2.37,125,2.97,69,1,350,3.5,6.47
338,27.8,2.37,125,2.97,68,0,350,0,2.97
339,27.8,2.37,125,2.97,66,6,350,21,23.97
340,27.8,2.37,125,2.97,66,7,350,24.5,27.47
341,27.8,2.37,125,2.97,68,38,350,133,135.97
342,27.8,2.37,125,2.97,67,4,350,14,16.97
343,27.8,2.37,125,2.97,67,4,350,14,16.97
344,27.8,2.37,125,2.97,69,87,350,304.5,307.47
345,27.8,2.37,125,2.97,69,81,350,283.5,286.47
346,27.8,2.37,125,2.97,69,76,350,266,268.97
347,27.8,2.37,125,2.97,69,32,350,112,114.97
348,27.8,2.37,125,2.97,70,79,350,276.5,279.47
349,27.8,2.37,125,2.97,68,3,350,10.5,13.47
350,27.8,2.37,125,2.97,70,80,350,280,282.97
351,27.8,2.37,125,2.97,68,2,350,7,9.97
352,27.8,2.37,125,2.97,70,30,350,105,107.97
353,27.8,2.37,125,2.97,70,56,350,196,198.97
354,27.8,2.37,125,2.97,69,3,350,10.5,13.47
355,27.8,2.37,125,2.97,68,0,350,0,2.97
356,27.8,2.37,125,2.97,66,0,350,0,2.97
357,27.8,2.37,125,2.97,66,0,350,0,2.97
358,27.8,2.37,125,2.97,66,0,350,0,2.97
359,27.8,2.37,125,2.97,65,0,350,0,2.97
360,27.8,2.37,125,2.97,65,0,350,0,2.97
361,27.8,2.37,125,2.97,65,0,350,0,2.97
362,27.8,2.37,125,2.97,65,0,350,0,2.97
363,27.8,2.37,125,2.97,65,0,350,0,2.97
364,27.8,2.37,125,2.97,64,0,350,0,2.97
365,27.8,2.37,125,2.97,64,0,350,0,2.97
366,27.8,2.37,125,2.97,64,0,350,0,2.97
367,27.8,2.37,125,2.97,68,84,350,294,296.97
368,27.8,2.37,125,2.97,69,83,350,290.5,293.47
369,27.8,2.37,125,2.97,69,78,350,273,275.97
370,27.8,2.37,125,2.97,70,84,350,294,296.97
371,27.8,2.37,125,2.97,70,79,350,276.5,279.47
372,27.8,2.37,125,2.97,70,80,350,280,282.97
373,27.8,2.37,125,2.97,70,84,350,294,296.97
374,27.8,2.37,125,2.97,71,79,351.5,277.69,280.66
375,27.8,2.37,125,2.97,71,83,351.5,291.75,294.72
376,27.8,2.37,125,2.97,68,0,350,0,2.97
377,27.8,2.37,125,2.97,67,0,350,0,2.97
378,27.8,2.37,125,2.97,66,20,350,70,72.97
379,27.8,2.37,125,2.97,67,50,350,175,177.97
380,27.8,2.37,125,2.97,67,4,350,14,16.97
381,27.8,2.37,125,2.97,67,2,350,7,9.97
382,27.8,2.37,125,2.97,70,82,350,287,289.97
383,27.8,2.37,125,2.97,68,52,350,182,184.97
384,27.8,2.37,125,2.97,70,68,350,238,240.97
385,27.8,2.37,125,2.97,67,0,350,0,2.97
386,27.8,2.37,125,2.97,70,80,350,280,282.97
387,27.8,2.37,125,2.97,68,4,350,14,16.97
388,27.8,2.37,125,2.97,70,76,350,266,268.97
389,27.8,2.37,125,2.97,68,2,350,7,9.97
390,27.8,2.37,125,2.97,70,53,350,185.5,188.47
391,27.8,2.37,125,2.97,70,34,350,119,121.97
392,27.8,2.37,125,2.97,69,59,350,206.5,209.47
393,27.8,2.37,125,2.97,68,0,350,0,2.97
394,27.8,2.37,125,2.97,66,0,350,0,2.97
395,27.8,2.37,125,2.97,66,0,350,0,2.97
396,27.8,2.37,125,2.97,66,0,350,0,2.97
397,27.8,2.37,125,2.97,65,0,350,0,2.97
398,27.8,2.37,125,2.97,65,0,350,0,2.97
399,27.8,2.37,125,2.97,65,0,350,0,2.97
400,27.8,2.37,125,2.97,65,0,350,0,2.97
401,27.8,2.37,125,2.97,65,0,350,0,2.97
402,27.8,2.37,125,2.97,65,0,350,0,2.97
403,27.8,2.37,125,2.97,64,0,350,0,2.97
404,27.8,2.37,125,2.97,64,0,350,0,2.97
405,27.8,2.37,125,2.97,64,0,350,0,2.97
406,27.8,2.37,125,2.97,64,0,350,0,2.97
407,27.8,2.37,125,2.97,64,0,350,0,2.97
408,27.8,2.37,125,2.97,67,78,350,273,275.97
409,27.8,2.37,125,2.97,69,78,350,273,275.97
410,27.8,2.37,125,2.97,69,83,350,290.5,293.47
411,27.8,2.37,125,2.97,69,77,350,269.5,272.47
412,27.8,2.37,125,2.97,70,82,350,287,289.97
413,27.8,2.37,125,2.97,70,79,350,276.5,279.47
414,27.8,2.37,125,2.97,70,79,350,276.5,279.47
415,27.8,2.37,125,2.97,70,83,350,290.5,293.47
416,27.8,2.37,125,2.97,71,78,351.5,274.17,277.14
417,27.8,2.37,125,2.97,68,21,350,73.5,76.47
418,27.8,2.37,125,2.97,67,0,350,0,2.97
419,27.8,2.37,125,2.97,66,19,350,66.5,69.47
420,27.8,2.37,125,2.97,67,58,350,203,205.97
421,27.8,2.37,125,2.97,67,3,350,10.5,13.47
422,27.8,2.37,125,2.97,67,3,350,10.5,13.47
423,27.8,2.37,125,2.97,70,82,350,287,289.97
424,27.8,2.37,125,2.97,70,71,350,248.5,251.47
425,27.8,2.37,125,2.97,69,0,350,0,2.97
426,27.8,2.37,125,2.97,67,0,350,0,2.97
427,27.8,2.37,125,2.97,70,79,350,276.5,279.47
428,27.8,2.37,125,2.97,68,4,350,14,16.97
429,27.8,2.37,125,2.97,71,77,351.5,270.65,273.62
430,27.8,2.37,125,2.97,68,2,350,7,9.97
431,27.8,2.37,125,2.97,69,8,350,28,30.97
432,27.8,2.37,125,2.97,69,80,350,280,282.97
433,27.8,2.37,125,2.97,70,75,350,262.5,265.47
434,27.8,2.37,125,2.97,68,0,350,0,2.97
435,27.8,2.37,125,2.97,66,0,350,0,2.97
436,27.8,2.37,125,2.97,66,0,350,0,2.97
437,27.8,2.37,125,2.97,65,0,350,0,2.97
438,27.8,2.37,125,2.97,65,0,350,0,2.97
439,27.8,2.37,125,2.97,65,0,350,0,2.97
440,27.8,2.37,125,2.97,65,0,350,0,2.97
441,27.8,2.37,125,2.97,65,0,350,0,2.97
442,27.8,2.37,125,2.97,65,0,350,0,2.97
443,27.8,2.37,125,2.97,67,59,350,206.5,209.47
444,27.8,2.37,125,2.97,69,83,350,290.5,293.47
445,27.8,2.37,125,2.97,69,81,350,283.5,286.47
446,27.8,2.37,125,2.97,70,82,350,287,289.97
447,27.8,2.37,125,2.97,70,82,350,287,289.97
448,27.8,2.37,125,2.97,70,79,350,276.5,279.47
449,27.8,2.37,125,2.97,71,84,351.5,295.26,298.23
450,27.8,2.37,125,2.97,71,78,351.5,274.17,277.14
451,27.8,2.37,125,2.97,71,80,351.5,281.2,284.17
452,27.8,2.37,125,2.97,68,3,350,10.5,13.47
453,27.8,2.37,125,2.97,68,0,350,0,2.97
454,27.8,2.37,125,2.97,66,9,350,31.5,34.47
455,27.8,2.37,125,2.97,66,8,350,28,30.97
456,27.8,2.37,125,2.97,69,62,350,217,219.97
457,27.8,2.37,125,2.97,67,5,350,17.5,20.47
458,27.8,2.37,125,2.97,69,81,350,283.5,286.47
459,27.8,2.37,125,2.97,69,56,350,196,198.97
460,27.8,2.37,125,2.97,68,4,350,14,16.97
461,27.8,2.37,125,2.97,68,3,350,10.5,13.47
462,27.8,2.37,125,2.97,70,77,350,269.5,272.47
463,27.8,2.37,125,2.97,69,60,350,210,212.97
464,27.8,2.37,125,2.97,70,80,350,280,282.97
465,27.8,2.37,125,2.97,69,5,350,17.5,20.47
466,27.8,2.37,125,2.97,70,78,350,273,275.97
467,27.8,2.37,125,2.97,70,26,350,91,93.97
468,27.8,2.37,125,2.97,71,79,351.5,277.69,280.66
469,27.8,2.37,125,2.97,68,0,350,0,2.97
470,27.8,2.37,125,2.97,68,0,350,0,2.97
471,27.8,2.37,125,2.97,66,0,350,0,2.97
472,27.8,2.37,125,2.97,66,0,350,0,2.97
473,27.8,2.37,125,2.97,66,0,350,0,2.97
474,27.8,2.37,125,2.97,66,0,350,0,2.97
475,27.8,2.37,125,2.97,65,0,350,0,2.97
476,27.8,2.37,125,2.97,65,0,350,0,2.97
477,27.8,2.37,125,2.97,68,78,350,273,275.97
478,27.8,2.37,125,2.97,69,83,350,290.5,293.47
479,27.8,2.37,125,2.97,70,79,350,276.5,279.47
480,27.8,2.37,125,2.97,70,81,350,283.5,286.47
481,27.8,2.37,125,2.97,70,82,350,287,289.97
482,27.8,2.37,125,2.97,71,79,351.5,277.69,280.66
483,27.8,2.37,125,2.97,71,82,351.5,288.23,291.2
484,27.8,2.37,125,2.97,71,82,351.5,288.23,291.2
485,27.8,2.37,125,2.97,72,83,353,292.99,295.96
486,27.8,2.37,125,2.97,69,21,350,73.5,76.47
487,27.8,2.37,125,2.97,68,0,350,0,2.97
488,27.8,2.37,125,2.97,67,7,350,24.5,27.47
489,27.8,2.37,125,2.97,66,7,350,24.5,27.47
490,27.8,2.37,125,2.97,69,80,350,280,282.97
491,27.8,2.37,125,2.97,68,7,350,24.5,27.47
492,27.8,2.37,125,2.97,70,84,350,294,296.97
493,27.8,2.37,125,2.97,70,27,350,94.5,97.47
494,27.8,2.37,125,2.97,68,15,350,52.5,55.47
495,27.8,2.37,125,2.97,68,2,350,7,9.97
496,27.8,2.37,125,2.97,71,79,351.5,277.69,280.66
497,27.8,2.37,125,2.97,69,4,350,14,16.97
498,27.8,2.37,125,2.97,71,81,351.5,284.71,287.68
499,27.8,2.37,125,2.97,69,4,350,14,16.97
500,27.8,2.37,125,2.97,70,9,350,31.5,34.47
501,27.8,2.37,125,2.97,70,83,350,290.5,293.47
502,27.8,2.37,125,2.97,72,75,353,264.75,267.72
503,27.8,2.37,125,2.97,68,0,350,0,2.97
504,27.8,2.37,125,2.97,67,0,350,0,2.97
505,27.8,2.37,125,2.97,66,0,350,0,2.97
506,27.8,2.37,125,2.97,66,0,350,0,2.97
507,27.8,2.37,125,2.97,66,0,350,0,2.97
508,27.8,2.37,125,2.97,66,0,350,0,2.97
509,27.8,2.37,125,2.97,66,0,350,0,2.97
510,27.8,2.37,125,2.97,65,0,350,0,2.97
511,27.8,2.37,125,2.97,65,0,350,0,2.97
512,27.8,2.37,125,2.97,65,0,350,0,2.97
513,27.8,2.37,125,2.97,65,0,350,0,2.97
514,27.8,2.37,125,2.97,69,82,350,287,289.97
515,27.8,2.37,125,2.97,70,79,350,276.5,279.47
516,27.8,2.37,125,2.97,70,82,350,287,289.97
517,27.8,2.37,125,2.97,71,82,351.5,288.23,291.2
518,27.8,2.37,125,2.97,71,77,351.5,270.65,273.62
519,27.8,2.37,125,2.97,71,77,351.5,270.65,273.62
520,27.8,2.37,125,2.97,71,78,351.5,274.17,277.14
521,27.8,2.37,125,2.97,71,83,351.5,291.75,294.72
522,27.8,2.37,125,2.97,70,74,350,259,261.97
523,27.8,2.37,125,2.97,68,0,350,0,2.97
524,27.8,2.37,125,2.97,67,0,350,0,2.97
525,27.8,2.37,125,2.97,66,7,350,24.5,27.47
526,27.8,2.37,125,2.97,68,35,350,122.5,125.47
527,27.8,2.37,125,2.97,68,4,350,14,16.97
528,27.8,2.37,125,2.97,67,2,350,7,9.97
529,27.8,2.37,125,2.97,70,82,350,287,289.97
530,27.8,2.37,125,2.97,69,57,350,199.5,202.47
531,27.8,2.37,125,2.97,70,76,350,266,268.97
532,27.8,2.37,125,2.97,68,0,350,0,2.97
533,27.8,2.37,125,2.97,71,79,351.5,277.69,280.66
534,27.8,2.37,125,2.97,68,2,350,7,9.97
535,27.8,2.37,125,2.97,72,80,353,282.4,285.37
536,27.8,2.37,125,2.97,68,2,350,7,9.97
537,27.8,2.37,125,2.97,70,27,350,94.5,97.47
538,27.8,2.37,125,2.97,69,69,350,241.5,244.47
539,27.8,2.37,125,2.97,70,79,350,276.5,279.47
540,27.8,2.37,125,2.97,68,0,350,0,2.97
541,27.8,2.37,125,2.97,67,0,350,0,2.97
542,27.8,2.37,125,2.97,66,0,350,0,2.97
543,27.8,2.37,125,2.97,66,0,350,0,2.97
544,27.8,2.37,125,2.97,66,0,350,0,2.97
545,27.8,2.37,125,2.97,66,0,350,0,2.97
546,27.8,2.37,125,2.97,65,0,350,0,2.97
547,27.8,2.37,125,2.97,65,0,350,0,2.97
548,27.8,2.37,125,2.97,69,79,350,276.5,279.47
549,27.8,2.37,125,2.97,70,83,350,290.5,293.47
550,27.8,2.37,125,2.97,70,80,350,280,282.97
551,27.8,2.37,125,2.97,71,78,351.5,274.17,277.14
552,27.8,2.37,125,2.97,71,83,351.5,291.75,294.72
553,27.8,2.37,125,2.97,71,78,351.5,274.17,277.14
554,27.8,2.37,125,2.97,71,80,351.5,281.2,284.17
555,27.8,2.37,125,2.97,72,83,353,292.99,295.96
556,27.8,2.37,125,2.97,72,79,353,278.87,281.84
557,27.8,2.37,125,2.97,69,0,350,0,2.97
558,27.8,2.37,125,2.97,69,2,350,7,9.97
559,27.8,2.37,125,2.97,67,17,350,59.5,62.47
560,27.8,2.37,125,2.97,68,64,350,224,226.97
561,27.8,2.37,125,2.97,68,2,350,7,9.97
562,27.8,2.37,125,2.97,68,4,350,14,16.97
563,27.8,2.37,125,2.97,71,80,351.5,281.2,284.17
564,27.8,2.37,125,2.97,69,32,350,112,114.97
565,27.8,2.37,125,2.97,70,76,350,266,268.97
566,27.8,2.37,125,2.97,68,0,350,0,2.97
567,27.8,2.37,125,2.97,71,79,351.5,277.69,280.66
568,27.8,2.37,125,2.97,69,3,350,10.5,13.47
569,27.8,2.37,125,2.97,71,76,351.5,267.14,270.11
570,27.8,2.37,125,2.97,69,4,350,14,16.97
571,27.8,2.37,125,2.97,70,26,350,91,93.97
572,27.8,2.37,125,2.97,70,52,350,182,184.97
573,27.8,2.37,125,2.97,72,78,353,275.34,278.31
574,27.8,2.37,125,2.97,69,0,350,0,2.97
575,27.8,2.37,125,2.97,67,0,350,0,2.97
576,27.8,2.37,125,2.97,67,0,350,0,2.97
577,27.8,2.37,125,2.97,66,0,350,0,2.97
578,27.8,2.37,125,2.97,66,0,350,0,2.97
579,27.8,2.37,125,2.97,66,0,350,0,2.97
580,27.8,2.37,125,2.97,66,0,350,0,2.97
581,27.8,2.37,125,2.97,66,0,350,0,2.97
582,27.8,2.37,125,2.97,68,59,350,206.5,209.47
583,27.8,2.37,125,2.97,70,82,350,287,289.97
584,27.8,2.37,125,2.97,70,78,350,273,275.97
585,27.8,2.37,125,2.97,71,78,351.5,274.17,277.14
586,27.8,2.37,125,2.97,71,82,351.5,288.23,291.2
587,27.8,2.37,125,2.97,71,79,351.5,277.69,280.66
588,27.8,2.37,125,2.97,72,83,353,292.99,295.96
589,27.8,2.37,125,2.97,72,78,353,275.34,278.31
590,27.8,2.37,125,2.97,72,83,353,292.99,295.96
591,27.8,2.37,125,2.97,69,3,350,10.5,13.47
592,27.8,2.37,125,2.97,69,0,350,0,2.97
593,27.8,2.37,125,2.97,67,7,350,24.5,27.47
594,27.8,2.37,125,2.97,67,7,350,24.5,27.47
595,27.8,2.37,125,2.97,71,84,351.5,295.26,298.23
596,27.8,2.37,125,2.97,68,0,350,0,2.97
597,27.8,2.37,125,2.97,69,34,350,119,121.97
598,27.8,2.37,125,2.97,71,80,351.5,281.2,284.17
599,27.8,2.37,125,2.97,69,4,350,14,16.97
600,27.8,2.37,125,2.97,69,3,350,10.5,13.47
601,27.8,2.37,125,2.97,71,78,351.5,274.17,277.14
602,27.8,2.37,125,2.97,71,78,351.5,274.17,277.14
603,27.8,2.37,125,2.97,70,74,350,259,261.97
604,27.8,2.37,125,2.97,70,31,350,108.5,111.47
605,27.8,2.37,125,2.97,70,47,350,164.5,167.47
606,27.8,2.37,125,2.97,70,57,350,199.5,202.47
607,27.8,2.37,125,2.97,71,80,351.5,281.2,284.17
608,27.8,2.37,125,2.97,69,0,350,0,2.97
609,27.8,2.37,125,2.97,69,0,350,0,2.97
610,27.8,2.37,125,2.97,67,0,350,0,2.97
611,27.8,2.37,125,2.97,67,0,350,0,2.97
612,27.8,2.37,125,2.97,66,0,350,0,2.97
613,27.8,2.37,125,2.97,66,0,350,0,2.97
614,27.8,2.37,125,2.97,66,0,350,0,2.97
615,27.8,2.37,125,2.97,66,0,350,0,2.97
616,27.8,2.37,125,2.97,69,84,350,294,296.97
617,27.8,2.37,125,2.97,70,80,350,280,282.97
618,27.8,2.37,125,2.97,71,78,351.5,274.17,277.14
619,27.8,2.37,125,2.97,71,79,351.5,277.69,280.66
620,27.8,2.37,125,2.97,71,83,351.5,291.75,294.72
621,27.8,2.37,125,2.97,71,78,351.5,274.17,277.14
622,27.8,2.37,125,2.97,72,83,353,292.99,295.96
623,27.8,2.37,125,2.97,72,83,353,292.99,295.96
624,27.8,2.37,125,2.97,72,79,353,278.87,281.84
625,27.8,2.37,125,2.97,69,3,350,10.5,13.47
626,27.8,2.37,125,2.97,69,0,350,0,2.97
627,27.8,2.37,125,2.97,67,8,350,28,30.97
628,27.8,2.37,125,2.97,67,7,350,24.5,27.47
629,27.8,2.37,125,2.97,70,77,350,269.5,272.47
630,27.8,2.37,125,2.97,68,6,350,21,23.97
631,27.8,2.37,125,2.97,71,79,351.5,277.69,280.66
632,27.8,2.37,125,2.97,71,30,351.5,105.45,108.42
633,27.8,2.37,125,2.97,69,0,350,0,2.97
634,27.8,2.37,125,2.97,69,2,350,7,9.97
635,27.8,2.37,125,2.97,71,78,351.5,274.17,277.14
636,27.8,2.37,125,2.97,69,4,350,14,16.97
637,27.8,2.37,125,2.97,71,75,351.5,263.62,266.59
638,27.8,2.37,125,2.97,69,3,350,10.5,13.47
639,27.8,2.37,125,2.97,70,55,350,192.5,195.47
640,27.8,2.37,125,2.97,72,86,353,303.58,306.55
641,27.8,2.37,125,2.97,72,77,353,271.81,274.78
642,27.8,2.37,125,2.97,69,0,350,0,2.97
643,27.8,2.37,125,2.97,69,0,350,0,2.97
644,27.8,2.37,125,2.97,67,0,350,0,2.97
645,27.8,2.37,125,2.97,67,0,350,0,2.97
646,27.8,2.37,125,2.97,67,0,350,0,2.97
647,27.8,2.37,125,2.97,66,0,350,0,2.97
648,27.8,2.37,125,2.97,66,0,350,0,2.97
649,27.8,2.37,125,2.97,66,0,350,0,2.97
650,27.8,2.37,125,2.97,70,83,350,290.5,293.47
651,27.8,2.37,125,2.97,71,77,351.5,270.65,273.62
652,27.8,2.37,125,2.97,71,77,351.5,270.65,273.62
653,27.8,2.37,125,2.97,71,79,351.5,277.69,280.66
654,27.8,2.37,125,2.97,72,82,353,289.46,292.43
655,27.8,2.37,125,2.97,72,80,353,282.4,285.37
656,27.8,2.37,125,2.97,72,81,353,285.93,288.9
657,27.8,2.37,125,2.97,72,83,353,292.99,295.96
658,27.8,2.37,125,2.97,72,83,353,292.99,295.96
659,27.8,2.37,125,2.97,69,21,350,73.5,76.47
660,27.8,2.37,125,2.97,69,0,350,0,2.97
661,27.8,2.37,125,2.97,67,6,350,21,23.97
662,27.8,2.37,125,2.97,67,6,350,21,23.97
663,27.8,2.37,125,2.97,70,83,350,290.5,293.47
664,27.8,2.37,125,2.97,68,7,350,24.5,27.47
665,27.8,2.37,125,2.97,70,82,350,287,289.97
666,27.8,2.37,125,2.97,71,48,351.5,168.72,171.69
667,27.8,2.37,125,2.97,69,0,350,0,2.97
668,27.8,2.37,125,2.97,69,2,350,7,9.97
669,27.8,2.37,125,2.97,71,79,351.5,277.69,280.66
670,27.8,2.37,125,2.97,70,70,350,245,247.97
671,27.8,2.37,125,2.97,71,78,351.5,274.17,277.14
672,27.8,2.37,125,2.97,70,18,350,63,65.97
673,27.8,2.37,125,2.97,70,81,350,283.5,286.47
674,27.8,2.37,125,2.97,72,63,353,222.39,225.36
675,27.8,2.37,125,2.97,72,80,353,282.4,285.37
676,27.8,2.37,125,2.97,69,0,350,0,2.97
677,27.8,2.37,125,2.97,68,0,350,0,2.97
678,27.8,2.37,125,2.97,67,0,350,0,2.97
679,27.8,2.37,125,2.97,67,0,350,0,2.97
680,27.8,2.37,125,2.97,67,0,350,0,2.97
681,27.8,2.37,125,2.97,66,0,350,0,2.97
682,27.8,2.37,125,2.97,66,0,350,0,2.97
683,27.8,2.37,125,2.97,66,0,350,0,2.97
684,27.8,2.37,125,2.97,66,0,350,0,2.97
685,27.8,2.37,125,2.97,70,79,350,276.5,279.47
686,27.8,2.37,125,2.97,71,82,351.5,288.23,291.2
687,27.8,2.37,125,2.97,71,79,351.5,277.69,280.66
688,27.8,2.37,125,2.97,72,83,353,292.99,295.96
689,27.8,2.37,125,2.97,72,79,353,278.87,281.84
690,27.8,2.37,125,2.97,72,84,353,296.52,299.49
691,27.8,2.37,125,2.97,72,83,353,292.99,295.96
692,27.8,2.37,125,2.97,72,78,353,275.34,278.31
693,27.8,2.37,125,2.97,70,1,350,3.5,6.47
694,27.8,2.37,125,2.97,69,0,350,0,2.97
695,27.8,2.37,125,2.97,68,7,350,24.5,27.47
696,27.8,2.37,125,2.97,67,7,350,24.5,27.47
697,27.8,2.37,125,2.97,71,71,351.5,249.56,252.53
698,27.8,2.37,125,2.97,68,2,350,7,9.97
699,27.8,2.37,125,2.97,70,80,350,280,282.97
700,27.8,2.37,125,2.97,70,50,350,175,177.97
701,27.8,2.37,125,2.97,69,3,350,10.5,13.47
702,27.8,2.37,125,2.97,69,2,350,7,9.97
703,27.8,2.37,125,2.97,71,80,351.5,281.2,284.17
704,27.8,2.37,125,2.97,72,75,353,264.75,267.72
705,27.8,2.37,125,2.97,69,0,350,0,2.97
706,27.8,2.37,125,2.97,72,80,353,282.4,285.37
707,27.8,2.37,125,2.97,71,80,351.5,281.2,284.17
708,27.8,2.37,125,2.97,71,31,351.5,108.97,111.94
709,27.8,2.37,125,2.97,72,79,353,278.87,281.84
710,27.8,2.37,125,2.97,69,0,350,0,2.97
711,27.8,2.37,125,2.97,69,0,350,0,2.97
712,27.8,2.37,125,2.97,67,0,350,0,2.97
713,27.8,2.37,125,2.97,67,0,350,0,2.97
714,27.8,2.37,125,2.97,67,0,350,0,2.97
715,27.8,2.37,125,2.97,66,0,350,0,2.97
716,27.8,2.37,125,2.97,66,0,350,0,2.97
717,27.8,2.37,125,2.97,66,0,350,0,2.97
718,27.8,2.37,125,2.97,66,0,350,0,2.97
719,27.8,2.37,125,2.97,66,0,350,0,2.97
720,27.8,2.37,125,2.97,66,0,350,0,2.97
721,27.8,2.37,125,2.97,65,0,350,0,2.97
722,27.8,2.37,125,2.97,65,0,350,0,2.97
723,27.8,2.37,125,2.97,65,0,350,0,2.97
724,27.8,2.37,125,2.97,66,34,350,119,121.97
725,27.8,2.37,125,2.97,69,82,350,287,289.97
726,27.8,2.37,125,2.97,70,80,350,280,282.97
727,27.8,2.37,125,2.97,70,81,350,283.5,286.47
728,27.8,2.37,125,2.97,70,81,350,283.5,286.47
729,27.8,2.37,125,2.97,71,78,351.5,274.17,277.14
730,27.8,2.37,125,2.97,71,81,351.5,284.71,287.68
731,27.8,2.37,125,2.97,71,77,351.5,270.65,273.62
732,27.8,2.37,125,2.97,72,78,353,275.34,278.31
733,27.8,2.37,125,2.97,69,1,350,3.5,6.47
734,27.8,2.37,125,2.97,68,0,350,0,2.97
735,27.8,2.37,125,2.97,67,8,350,28,30.97
736,27.8,2.37,125,2.97,67,7,350,24.5,27.47
737,27.8,2.37,125,2.97,70,67,350,234.5,237.47
738,27.8,2.37,125,2.97,68,0,350,0,2.97
739,27.8,2.37,125,2.97,68,17,350,59.5,62.47
740,27.8,2.37,125,2.97,71,76,351.5,267.14,270.11
741,27.8,2.37,125,2.97,68,3,350,10.5,13.47
742,27.8,2.37,125,2.97,69,47,350,164.5,167.47
743,27.8,2.37,125,2.97,71,80,351.5,281.2,284.17
744,27.8,2.37,125,2.97,71,81,351.5,284.71,287.68
745,27.8,2.37,125,2.97,69,0,350,0,2.97
746,27.8,2.37,125,2.97,71,79,351.5,277.69,280.66
747,27.8,2.37,125,2.97,69,13,350,45.5,48.47
748,27.8,2.37,125,2.97,71,80,351.5,281.2,284.17
749,27.8,2.37,125,2.97,71,79,351.5,277.69,280.66
750,27.8,2.37,125,2.97,69,0,350,0,2.97
751,27.8,2.37,125,2.97,68,0,350,0,2.97
752,27.8,2.37,125,2.97,67,0,350,0,2.97
753,27.8,2.37,125,2.97,67,0,350,0,2.97
754,27.8,2.37,125,2.97,66,0,350,0,2.97
755,27.8,2.37,125,2.97,66,0,350,0,2.97
756,27.8,2.37,125,2.97,66,0,350,0,2.97
757,27.8,2.37,125,2.97,66,0,350,0,2.97
758,27.8,2.37,125,2.97,70,82,350,287,289.97
759,27.8,2.37,125,2.97,70,81,350,283.5,286.47
760,27.8,2.37,125,2.97,71,83,351.5,291.75,294.72
761,27.8,2.37,125,2.97,71,78,351.5,274.17,277.14
762,27.8,2.37,125,2.97,71,83,351.5,291.75,294.72
763,27.8,2.37,125,2.97,71,79,351.5,277.69,280.66
764,27.8,2.37,125,2.97,72,81,353,285.93,288.9
765,27.8,2.37,125,2.97,72,84,353,296.52,299.49
766,27.8,2.37,125,2.97,70,74,350,259,261.97
767,27.8,2.37,125,2.97,69,0,350,0,2.97
768,27.8,2.37,125,2.97,68,8,350,28,30.97
769,27.8,2.37,125,2.97,67,7,350,24.5,27.47
770,27.8,2.37,125,2.97,70,34,350,119,121.97
771,27.8,2.37,125,2.97,68,3,350,10.5,13.47
772,27.8,2.37,125,2.97,68,0,350,0,2.97
773,27.8,2.37,125,2.97,71,80,351.5,281.2,284.17
774,27.8,2.37,125,2.97,69,15,350,52.5,55.47
775,27.8,2.37,125,2.97,69,81,350,283.5,286.47
776,27.8,2.37,125,2.97,71,80,351.5,281.2,284.17
777,27.8,2.37,125,2.97,72,80,353,282.4,285.37
778,27.8,2.37,125,2.97,70,18,350,63,65.97
779,27.8,2.37,125,2.97,71,79,351.5,277.69,280.66
780,27.8,2.37,125,2.97,71,76,351.5,267.14,270.11
781,27.8,2.37,125,2.97,71,34,351.5,119.51,122.48
782,27.8,2.37,125,2.97,72,75,353,264.75,267.72
783,27.8,2.37,125,2.97,69,0,350,0,2.97
784,27.8,2.37,125,2.97,69,0,350,0,2.97
785,27.8,2.37,125,2.97,67,0,350,0,2.97
786,27.8,2.37,125,2.97,67,0,350,0,2.97
787,27.8,2.37,125,2.97,67,0,350,0,2.97
788,27.8,2.37,125,2.97,66,0,350,0,2.97
789,27.8,2.37,125,2.97,66,0,350,0,2.97
790,27.8,2.37,125,2.97,66,0,350,0,2.97
791,27.8,2.37,125,2.97,66,0,350,0,2.97
792,27.8,2.37,125,2.97,66,0,350,0,2.97
793,27.8,2.37,125,2.97,66,0,350,0,2.97
794,27.8,2.37,125,2.97,69,78,350,273,275.97
795,27.8,2.37,125,2.97,70,84,350,294,296.97
796,27.8,2.37,125,2.97,71,80,351.5,281.2,284.17
797,27.8,2.37,125,2.97,71,80,351.5,281.2,284.17
798,27.8,2.37,125,2.97,71,82,351.5,288.23,291.2
799,27.8,2.37,125,2.97,71,82,351.5,288.23,291.2
800,27.8,2.37,125,2.97,72,82,353,289.46,292.43
801,27.8,2.37,125,2.97,72,83,353,292.99,295.96
802,27.8,2.37,125,2.97,72,79,353,278.87,281.84
803,27.8,2.37,125,2.97,69,0,350,0,2.97
804,27.8,2.37,125,2.97,67,0,350,0,2.97
805,27.8,2.37,125,2.97,67,14,350,49,51.97
806,27.8,2.37,125,2.97,68,72,350,252,254.97
807,27.8,2.37,125,2.97,69,4,350,14,16.97
808,27.8,2.37,125,2.97,68,4,350,14,16.97
809,27.8,2.37,125,2.97,71,78,351.5,274.17,277.14
810,27.8,2.37,125,2.97,71,76,351.5,267.14,270.11
811,27.8,2.37,125,2.97,70,47,350,164.5,167.47
812,27.8,2.37,125,2.97,68,0,350,0,2.97
813,27.8,2.37,125,2.97,71,77,351.5,270.65,273.62
814,27.8,2.37,125,2.97,69,3,350,10.5,13.47
815,27.8,2.37,125,2.97,72,80,353,282.4,285.37
816,27.8,2.37,125,2.97,69,2,350,7,9.97
817,27.8,2.37,125,2.97,71,60,351.5,210.9,213.87
818,27.8,2.37,125,2.97,71,28,351.5,98.42,101.39
819,27.8,2.37,125,2.97,70,75,350,262.5,265.47
820,27.8,2.37,125,2.97,69,0,350,0,2.97
821,27.8,2.37,125,2.97,67,0,350,0,2.97
822,27.8,2.37,125,2.97,67,0,350,0,2.97
823,27.8,2.37,125,2.97,67,0,350,0,2.97
824,27.8,2.37,125,2.97,66,0,350,0,2.97
825,27.8,2.37,125,2.97,66,0,350,0,2.97
826,27.8,2.37,125,2.97,66,0,350,0,2.97
827,27.8,2.37,125,2.97,66,0,350,0,2.97
828,27.8,2.37,125,2.97,66,0,350,0,2.97
829,27.8,2.37,125,2.97,65,0,350,0,2.97
830,27.8,2.37,125,2.97,65,0,350,0,2.97
831,27.8,2.37,125,2.97,65,0,350,0,2.97
832,27.8,2.37,125,2.97,65,0,350,0,2.97
833,27.8,2.37,125,2.97,65,0,350,0,2.97
834,27.8,2.37,125,2.97,65,0,350,0,2.97
835,27.8,2.37,125,2.97,65,0,350,0,2.97
836,27.8,2.37,125,2.97,69,77,350,269.5,272.47
837,27.8,2.37,125,2.97,70,76,350,266,268.97
838,27.8,2.37,125,2.97,70,79,350,276.5,279.47
839,27.8,2.37,125,2.97,70,82,350,287,289.97
840,27.8,2.37,125,2.97,71,78,351.5,274.17,277.14
841,27.8,2.37,125,2.97,71,83,351.5,291.75,294.72
842,27.8,2.37,125,2.97,71,79,351.5,277.69,280.66
843,27.8,2.37,125,2.97,71,83,351.5,291.75,294.72
844,27.8,2.37,125,2.97,70,31,350,108.5,111.47
845,27.8,2.37,125,2.97,68,0,350,0,2.97
846,27.8,2.37,125,2.97,67,0,350,0,2.97
847,27.8,2.37,125,2.97,66,19,350,66.5,69.47
848,27.8,2.37,125,2.97,68,75,350,262.5,265.47
849,27.8,2.37,125,2.97,68,4,350,14,16.97
850,27.8,2.37,125,2.97,68,4,350,14,16.97
851,27.8,2.37,125,2.97,70,85,350,297.5,300.47
852,27.8,2.37,125,2.97,70,80,350,280,282.97
853,27.8,2.37,125,2.97,70,31,350,108.5,111.47
854,27.8,2.37,125,2.97,68,0,350,0,2.97
855,27.8,2.37,125,2.97,71,75,351.5,263.62,266.59
856,27.8,2.37,125,2.97,69,2,350,7,9.97
857,27.8,2.37,125,2.97,71,76,351.5,267.14,270.11
858,27.8,2.37,125,2.97,68,4,350,14,16.97
859,27.8,2.37,125,2.97,69,21,350,73.5,76.47
860,27.8,2.37,125,2.97,71,80,351.5,281.2,284.17
861,27.8,2.37,125,2.97,71,78,351.5,274.17,277.14
862,27.8,2.37,125,2.97,68,0,350,0,2.97
863,27.8,2.37,125,2.97,67,0,350,0,2.97
864,27.8,2.37,125,2.97,67,0,350,0,2.97
865,27.8,2.37,125,2.97,66,0,350,0,2.97
866,27.8,2.37,125,2.97,66,0,350,0,2.97
867,27.8,2.37,125,2.97,66,0,350,0,2.97
868,27.8,2.37,125,2.97,66,0,350,0,2.97
869,27.8,2.37,125,2.97,65,0,350,0,2.97
870,27.8,2.37,125,2.97,65,0,350,0,2.97
871,27.8,2.37,125,2.97,66,69,350,241.5,244.47
872,27.8,2.37,125,2.97,69,78,350,273,275.97
873,27.8,2.37,125,2.97,70,77,350,269.5,272.47
874,27.8,2.37,125,2.97,71,83,351.5,291.75,294.72
875,27.8,2.37,125,2.97,71,77,351.5,270.65,273.62
876,27.8,2.37,125,2.97,71,76,351.5,267.14,270.11
877,27.8,2.37,125,2.97,71,77,351.5,270.65,273.62
878,27.8,2.37,125,2.97,71,81,351.5,284.71,287.68
879,27.8,2.37,125,2.97,72,77,353,271.81,274.78
880,27.8,2.37,125,2.97,69,3,350,10.5,13.47
881,27.8,2.37,125,2.97,69,0,350,0,2.97
882,27.8,2.37,125,2.97,67,6,350,21,23.97
883,27.8,2.37,125,2.97,67,7,350,24.5,27.47
884,27.8,2.37,125,2.97,70,42,350,147,149.97
885,27.8,2.37,125,2.97,68,4,350,14,16.97
886,27.8,2.37,125,2.97,68,2,350,7,9.97
887,27.8,2.37,125,2.97,71,84,351.5,295.26,298.23
888,27.8,2.37,125,2.97,69,4,350,14,16.97
889,27.8,2.37,125,2.97,70,62,350,217,219.97
890,27.8,2.37,125,2.97,70,77,350,269.5,272.47
891,27.8,2.37,125,2.97,71,78,351.5,274.17,277.14
892,27.8,2.37,125,2.97,69,2,350,7,9.97
893,27.8,2.37,125,2.97,72,84,353,296.52,299.49
894,27.8,2.37,125,2.97,69,2,350,7,9.97
895,27.8,2.37,125,2.97,71,30,351.5,105.45,108.42
896,27.8,2.37,125,2.97,71,55,351.5,193.32,196.29
897,27.8,2.37,125,2.97,70,6,350,21,23.97
898,27.8,2.37,125,2.97,69,0,350,0,2.97
899,27.8,2.37,125,2.97,67,0,350,0,2.97
900,27.8,2.37,125,2.97,67,0,350,0,2.97
901,27.8,2.37,125,2.97,66,0,350,0,2.97
902,27.8,2.37,125,2.97,66,0,350,0,2.97
903,27.8,2.37,125,2.97,66,0,350,0,2.97
904,27.8,2.37,125,2.97,66,0,350,0,2.97
905,27.8,2.37,125,2.97,66,0,350,0,2.97
906,27.8,2.37,125,2.97,66,0,350,0,2.97
907,27.8,2.37,125,2.97,65,0,350,0,2.97
908,27.8,2.37,125,2.97,65,0,350,0,2.97
909,27.8,2.37,125,2.97,65,0,350,0,2.97
910,27.8,2.37,125,2.97,65,0,350,0,2.97
911,27.8,2.37,125,2.97,69,83,350,290.5,293.47
912,27.8,2.37,125,2.97,70,77,350,269.5,272.47
913,27.8,2.37,125,2.97,70,84,350,294,296.97
914,27.8,2.37,125,2.97,70,79,350,276.5,279.47
915,27.8,2.37,125,2.97,71,81,351.5,284.71,287.68
916,27.8,2.37,125,2.97,71,80,351.5,281.2,284.17
917,27.8,2.37,125,2.97,71,80,351.5,281.2,284.17
918,27.8,2.37,125,2.97,71,82,351.5,288.23,291.2
919,27.8,2.37,125,2.97,72,83,353,292.99,295.96
920,27.8,2.37,125,2.97,69,0,350,0,2.97
921,27.8,2.37,125,2.97,67,0,350,0,2.97
922,27.8,2.37,125,2.97,67,14,350,49,51.97
923,27.8,2.37,125,2.97,67,30,350,105,107.97
924,27.8,2.37,125,2.97,68,4,350,14,16.97
925,27.8,2.37,125,2.97,68,2,350,7,9.97
926,27.8,2.37,125,2.97,70,83,350,290.5,293.47
927,27.8,2.37,125,2.97,69,63,350,220.5,223.47
928,27.8,2.37,125,2.97,69,4,350,14,16.97
929,27.8,2.37,125,2.97,68,2,350,7,9.97
930,27.8,2.37,125,2.97,71,77,351.5,270.65,273.62
931,27.8,2.37,125,2.97,69,2,350,7,9.97
932,27.8,2.37,125,2.97,71,76,351.5,267.14,270.11
933,27.8,2.37,125,2.97,69,2,350,7,9.97
934,27.8,2.37,125,2.97,70,30,350,105,107.97
935,27.8,2.37,125,2.97,70,56,350,196,198.97
936,27.8,2.37,125,2.97,71,78,351.5,274.17,277.14
937,27.8,2.37,125,2.97,69,0,350,0,2.97
938,27.8,2.37,125,2.97,67,0,350,0,2.97
939,27.8,2.37,125,2.97,67,0,350,0,2.97
940,27.8,2.37,125,2.97,66,0,350,0,2.97
941,27.8,2.37,125,2.97,66,0,350,0,2.97
942,27.8,2.37,125,2.97,66,0,350,0,2.97
943,27.8,2.37,125,2.97,66,0,350,0,2.97
944,27.8,2.37,125,2.97,66,0,350,0,2.97
945,27.8,2.37,125,2.97,69,75,350,262.5,265.47
946,27.8,2.37,125,2.97,70,76,350,266,268.97
947,27.8,2.37,125,2.97,71,79,351.5,277.69,280.66
948,27.8,2.37,125,2.97,71,80,351.5,281.2,284.17
949,27.8,2.37,125,2.97,71,83,351.5,291.75,294.72
950,27.8,2.37,125,2.97,72,78,353,275.34,278.31
951,27.8,2.37,125,2.97,72,82,353,289.46,292.43
952,27.8,2.37,125,2.97,72,82,353,289.46,292.43
953,27.8,2.37,125,2.97,71,79,351.5,277.69,280.66
954,27.8,2.37,125,2.97,69,0,350,0,2.97
955,27.8,2.37,125,2.97,68,2,350,7,9.97
956,27.8,2.37,125,2.97,67,6,350,21,23.97
957,27.8,2.37,125,2.97,68,49,350,171.5,174.47
958,27.8,2.37,125,2.97,69,1,350,3.5,6.47
959,27.8,2.37,125,2.97,68,4,350,14,16.97
960,27.8,2.37,125,2.97,71,78,351.5,274.17,277.14
961,27.8,2.37,125,2.97,71,78,351.5,274.17,277.14
962,27.8,2.37,125,2.97,70,0,350,0,2.97
963,27.8,2.37,125,2.97,68,0,350,0,2.97
964,27.8,2.37,125,2.97,71,78,351.5,274.17,277.14
965,27.8,2.37,125,2.97,69,2,350,7,9.97
966,27.8,2.37,125,2.97,71,79,351.5,277.69,280.66
967,27.8,2.37,125,2.97,69,3,350,10.5,13.47
968,27.8,2.37,125,2.97,70,80,350,280,282.97
969,27.8,2.37,125,2.97,72,74,353,261.22,264.19
970,27.8,2.37,125,2.97,72,78,353,275.34,278.31
971,27.8,2.37,125,2.97,69,0,350,0,2.97
972,27.8,2.37,125,2.97,68,0,350,0,2.97
973,27.8,2.37,125,2.97,67,0,350,0,2.97
974,27.8,2.37,125,2.97,67,0,350,0,2.97
975,27.8,2.37,125,2.97,66,0,350,0,2.97
976,27.8,2.37,125,2.97,66,0,350,0,2.97
977,27.8,2.37,125,2.97,66,0,350,0,2.97
978,27.8,2.37,125,2.97,66,0,350,0,2.97
979,27.8,2.37,125,2.97,66,0,350,0,2.97
980,27.8,2.37,125,2.97,66,0,350,0,2.97
981,27.8,2.37,125,2.97,66,0,350,0,2.97
982,27.8,2.37,125,2.97,70,78,350,273,275.97
983,27.8,2.37,125,2.97,70,83,350,290.5,293.47
984,27.8,2.37,125,2.97,71,77,351.5,270.65,273.62
985,27.8,2.37,125,2.97,71,82,351.5,288.23,291.2
986,27.8,2.37,125,2.97,71,79,351.5,277.69,280.66
987,27.8,2.37,125,2.97,72,84,353,296.52,299.49
988,27.8,2.37,125,2.97,72,79,353,278.87,281.84
989,27.8,2.37,125,2.97,72,83,353,292.99,295.96
990,27.8,2.37,125,2.97,70,1,350,3.5,6.47
991,27.8,2.37,125,2.97,69,0,350,0,2.97
992,27.8,2.37,125,2.97,67,4,350,14,16.97
993,27.8,2.37,125,2.97,67,7,350,24.5,27.47
994,27.8,2.37,125,2.97,70,59,350,206.5,209.47
995,27.8,2.37,125,2.97,68,2,350,7,9.97
996,27.8,2.37,125,2.97,68,0,350,0,2.97
997,27.8,2.37,125,2.97,71,79,351.5,277.69,280.66
998,27.8,2.37,125,2.97,69,4,350,14,16.97
999,27.8,2.37,125,2.97,69,70,350,245,247.97
1000,27.8,2.37,125,2.97,71,51,351.5,179.26,182.23
1001,27.8,2.37,125,2.97,71,79,351.5,277.69,280.66
1002,27.8,2.37,125,2.97,69,0,350,0,2.97
1003,27.8,2.37,125,2.97,71,77,351.5,270.65,273.62
1004,27.8,2.37,125,2.97,69,0,350,0,2.97
1005,27.8,2.37,125,2.97,71,80,351.5,281.2,284.17
1006,27.8,2.37,125,2.97,71,37,351.5,130.06,133.03
1007,27.8,2.37,125,2.97,70,29,350,101.5,104.47
1008,27.8,2.37,125,2.97,69,0,350,0,2.97
1009,27.8,2.37,125,2.97,67,0,350,0,2.97
1010,27.8,2.37,125,2.97,67,0,350,0,2.97
1011,27.8,2.37,125,2.97,67,0,350,0,2.97
1012,27.8,2.37,125,2.97,66,0,350,0,2.97
1013,27.8,2.37,125,2.97,66,0,350,0,2.97
1014,27.8,2.37,125,2.97,66,0,350,0,2.97
1015,27.8,2.37,125,2.97,66,0,350,0,2.97
1016,27.8,2.37,125,2.97,66,0,350,0,2.97
1017,27.8,2.37,125,2.97,65,0,350,0,2.97
1018,27.8,2.37,125,2.97,66,23,350,80.5,83.47
1019,27.8,2.37,125,2.97,70,83,350,290.5,293.47
1020,27.8,2.37,125,2.97,70,77,350,269.5,272.47
1021,27.8,2.37,125,2.97,71,82,351.5,288.23,291.2
1022,27.8,2.37,125,2.97,71,81,351.5,284.71,287.68
1023,27.8,2.37,125,2.97,71,82,351.5,288.23,291.2
1024,27.8,2.37,125,2.97,71,78,351.5,274.17,277.14
1025,27.8,2.37,125,2.97,72,83,353,292.99,295.96
1026,27.8,2.37,125,2.97,72,79,353,278.87,281.84
1027,27.8,2.37,125,2.97,69,0,350,0,2.97
1028,27.8,2.37,125,2.97,69,0,350,0,2.97
1029,27.8,2.37,125,2.97,67,4,350,14,16.97
1030,27.8,2.37,125,2.97,67,6,350,21,23.97
1031,27.8,2.37,125,2.97,69,70,350,245,247.97
1032,27.8,2.37,125,2.97,68,3,350,10.5,13.47
1033,27.8,2.37,125,2.97,68,0,350,0,2.97
1034,27.8,2.37,125,2.97,71,79,351.5,277.69,280.66
1035,27.8,2.37,125,2.97,69,14,350,49,51.97
1036,27.8,2.37,125,2.97,71,77,351.5,270.65,273.62
1037,27.8,2.37,125,2.97,70,0,350,0,2.97
1038,27.8,2.37,125,2.97,71,79,351.5,277.69,280.66
1039,27.8,2.37,125,2.97,69,4,350,14,16.97
1040,27.8,2.37,125,2.97,72,79,353,278.87,281.84
1041,27.8,2.37,125,2.97,69,2,350,7,9.97
1042,27.8,2.37,125,2.97,71,50,351.5,175.75,178.72
1043,27.8,2.37,125,2.97,71,35,351.5,123.03,126
1044,27.8,2.37,125,2.97,70,75,350,262.5,265.47
1045,27.8,2.37,125,2.97,69,0,350,0,2.97
1046,27.8,2.37,125,2.97,67,0,350,0,2.97
1047,27.8,2.37,125,2.97,67,0,350,0,2.97
1048,27.8,2.37,125,2.97,67,0,350,0,2.97
1049,27.8,2.37,125,2.97,66,0,350,0,2.97
1050,27.8,2.37,125,2.97,66,0,350,0,2.97
1051,27.8,2.37,125,2.97,66,0,350,0,2.97
1052,27.8,2.37,125,2.97,66,0,350,0,2.97
1053,27.8,2.37,125,2.97,66,0,350,0,2.97
1054,27.8,2.37,125,2.97,65,0,350,0,2.97
1055,27.8,2.37,125,2.97,69,81,350,283.5,286.47
1056,27.8,2.37,125,2.97,70,78,350,273,275.97
1057,27.8,2.37,125,2.97,70,82,350,287,289.97
1058,27.8,2.37,125,2.97,71,77,351.5,270.65,273.62
1059,27.8,2.37,125,2.97,71,81,351.5,284.71,287.68
1060,27.8,2.37,125,2.97,71,82,351.5,288.23,291.2
1061,27.8,2.37,125,2.97,71,77,351.5,270.65,273.62
1062,27.8,2.37,125,2.97,72,80,353,282.4,285.37
1063,27.8,2.37,125,2.97,72,81,353,285.93,288.9
1064,27.8,2.37,125,2.97,69,21,350,73.5,76.47
1065,27.8,2.37,125,2.97,69,0,350,0,2.97
1066,27.8,2.37,125,2.97,67,10,350,35,37.97
1067,27.8,2.37,125,2.97,67,6,350,21,23.97
1068,27.8,2.37,125,2.97,70,83,350,290.5,293.47
1069,27.8,2.37,125,2.97,68,6,350,21,23.97
1070,27.8,2.37,125,2.97,70,81,350,283.5,286.47
1071,27.8,2.37,125,2.97,71,47,351.5,165.21,168.18
1072,27.8,2.37,125,2.97,68,0,350,0,2.97
1073,27.8,2.37,125,2.97,69,4,350,14,16.97
1074,27.8,2.37,125,2.97,71,80,351.5,281.2,284.17
1075,27.8,2.37,125,2.97,71,79,351.5,277.69,280.66
1076,27.8,2.37,125,2.97,69,0,350,0,2.97
1077,27.8,2.37,125,2.97,72,79,353,278.87,281.84
1078,27.8,2.37,125,2.97,70,4,350,14,16.97
1079,27.8,2.37,125,2.97,70,80,350,280,282.97
1080,27.8,2.37,125,2.97,72,78,353,275.34,278.31
1081,27.8,2.37,125,2.97,69,0,350,0,2.97
1082,27.8,2.37,125,2.97,69,0,350,0,2.97
1083,27.8,2.37,125,2.97,67,0,350,0,2.97
1084,27.8,2.37,125,2.97,67,0,350,0,2.97
1085,27.8,2.37,125,2.97,67,0,350,0,2.97
1086,27.8,2.37,125,2.97,66,0,350,0,2.97
1087,27.8,2.37,125,2.97,66,0,350,0,2.97
1088,27.8,2.37,125,2.97,66,0,350,0,2.97
1089,27.8,2.37,125,2.97,66,0,350,0,2.97
1090,27.8,2.37,125,2.97,66,0,350,0,2.97
1091,27.8,2.37,125,2.97,65,0,350,0,2.97
1092,27.8,2.37,125,2.97,65,0,350,0,2.97
1093,27.8,2.37,125,2.97,65,0,350,0,2.97
1094,27.8,2.37,125,2.97,65,0,350,0,2.97
1095,27.8,2.37,125,2.97,65,0,350,0,2.97
1096,27.8,2.37,125,2.97,65,0,350,0,2.97
1097,27.8,2.37,125,2.97,67,83,350,290.5,293.47
1098,27.8,2.37,125,2.97,69,79,350,276.5,279.47
1099,27.8,2.37,125,2.97,70,81,350,283.5,286.47
1100,27.8,2.37,125,2.97,70,82,350,287,289.97
1101,27.8,2.37,125,2.97,70,78,350,273,275.97
1102,27.8,2.37,125,2.97,71,77,351.5,270.65,273.62
1103,27.8,2.37,125,2.97,71,75,351.5,263.62,266.59
1104,27.8,2.37,125,2.97,71,83,351.5,291.75,294.72
1105,27.8,2.37,125,2.97,71,80,351.5,281.2,284.17
1106,27.8,2.37,125,2.97,69,3,350,10.5,13.47
1107,27.8,2.37,125,2.97,68,0,350,0,2.97
1108,27.8,2.37,125,2.97,67,7,350,24.5,27.47
1109,27.8,2.37,125,2.97,66,6,350,21,23.97
1110,27.8,2.37,125,2.97,70,81,350,283.5,286.47
1111,27.8,2.37,125,2.97,68,5,350,17.5,20.47
1112,27.8,2.37,125,2.97,70,67,350,234.5,237.47
1113,27.8,2.37,125,2.97,69,77,350,269.5,272.47
1114,27.8,2.37,125,2.97,68,2,350,7,9.97
1115,27.8,2.37,125,2.97,68,4,350,14,16.97
1116,27.8,2.37,125,2.97,71,79,351.5,277.69,280.66
1117,27.8,2.37,125,2.97,70,76,350,266,268.97
1118,27.8,2.37,125,2.97,70,45,350,157.5,160.47
1119,27.8,2.37,125,2.97,70,63,350,220.5,223.47
1120,27.8,2.37,125,2.97,70,77,350,269.5,272.47
1121,27.8,2.37,125,2.97,70,33,350,115.5,118.47
1122,27.8,2.37,125,2.97,71,79,351.5,277.69,280.66
1123,27.8,2.37,125,2.97,69,0,350,0,2.97
1124,27.8,2.37,125,2.97,68,0,350,0,2.97
1125,27.8,2.37,125,2.97,67,0,350,0,2.97
1126,27.8,2.37,125,2.97,66,0,350,0,2.97
1127,27.8,2.37,125,2.97,66,0,350,0,2.97
1128,27.8,2.37,125,2.97,66,0,350,0,2.97
1129,27.8,2.37,125,2.97,66,0,350,0,2.97
1130,27.8,2.37,125,2.97,66,0,350,0,2.97
1131,27.8,2.37,125,2.97,70,78,350,273,275.97
1132,27.8,2.37,125,2.97,70,83,350,290.5,293.47
1133,27.8,2.37,125,2.97,71,83,351.5,291.75,294.72
1134,27.8,2.37,125,2.97,71,78,351.5,274.17,277.14
1135,27.8,2.37,125,2.97,71,81,351.5,284.71,287.68
1136,27.8,2.37,125,2.97,71,69,351.5,242.53,245.5
1137,27.8,2.37,125,2.97,72,78,353,275.34,278.31
1138,27.8,2.37,125,2.97,72,84,353,296.52,299.49
1139,27.8,2.37,125,2.97,72,80,353,282.4,285.37
1140,27.8,2.37,125,2.97,69,21,350,73.5,76.47
1141,27.8,2.37,125,2.97,69,0,350,0,2.97
1142,27.8,2.37,125,2.97,67,7,350,24.5,27.47
1143,27.8,2.37,125,2.97,67,7,350,24.5,27.47
1144,27.8,2.37,125,2.97,70,77,350,269.5,272.47
1145,27.8,2.37,125,2.97,68,6,350,21,23.97
1146,27.8,2.37,125,2.97,70,56,350,196,198.97
1147,27.8,2.37,125,2.97,70,80,350,280,282.97
1148,27.8,2.37,125,2.97,69,2,350,7,9.97
1149,27.8,2.37,125,2.97,69,4,350,14,16.97
1150,27.8,2.37,125,2.97,71,80,351.5,281.2,284.17
1151,27.8,2.37,125,2.97,71,79,351.5,277.69,280.66
1152,27.8,2.37,125,2.97,71,55,351.5,193.32,196.29
1153,27.8,2.37,125,2.97,70,47,350,164.5,167.47
1154,27.8,2.37,125,2.97,71,75,351.5,263.62,266.59
1155,27.8,2.37,125,2.97,71,19,351.5,66.78,69.75
1156,27.8,2.37,125,2.97,72,75,353,264.75,267.72
1157,27.8,2.37,125,2.97,69,0,350,0,2.97
1158,27.8,2.37,125,2.97,69,0,350,0,2.97
1159,27.8,2.37,125,2.97,67,0,350,0,2.97
1160,27.8,2.37,125,2.97,67,0,350,0,2.97
1161,27.8,2.37,125,2.97,67,0,350,0,2.97
1162,27.8,2.37,125,2.97,66,0,350,0,2.97
1163,27.8,2.37,125,2.97,66,0,350,0,2.97
1164,27.8,2.37,125,2.97,66,0,350,0,2.97
1165,27.8,2.37,125,2.97,66,0,350,0,2.97
1166,27.8,2.37,125,2.97,66,0,350,0,2.97
1167,27.8,2.37,125,2.97,65,0,350,0,2.97
1168,27.8,2.37,125,2.97,70,79,350,276.5,279.47
1169,27.8,2.37,125,2.97,70,83,350,290.5,293.47
1170,27.8,2.37,125,2.97,71,80,351.5,281.2,284.17
1171,27.8,2.37,125,2.97,71,79,351.5,277.69,280.66
1172,27.8,2.37,125,2.97,71,77,351.5,270.65,273.62
1173,27.8,2.37,125,2.97,72,79,353,278.87,281.84
1174,27.8,2.37,125,2.97,72,83,353,292.99,295.96
1175,27.8,2.37,125,2.97,72,80,353,282.4,285.37
1176,27.8,2.37,125,2.97,70,28,350,98,100.97
1177,27.8,2.37,125,2.97,69,0,350,0,2.97
1178,27.8,2.37,125,2.97,67,7,350,24.5,27.47
1179,27.8,2.37,125,2.97,67,7,350,24.5,27.47
1180,27.8,2.37,125,2.97,70,65,350,227.5,230.47
1181,27.8,2.37,125,2.97,68,2,350,7,9.97
1182,27.8,2.37,125,2.97,68,2,350,7,9.97
1183,27.8,2.37,125,2.97,71,81,351.5,284.71,287.68
1184,27.8,2.37,125,2.97,69,32,350,112,114.97
1185,27.8,2.37,125,2.97,71,78,351.5,274.17,277.14
1186,27.8,2.37,125,2.97,70,13,350,45.5,48.47
1187,27.8,2.37,125,2.97,72,80,353,282.4,285.37
1188,27.8,2.37,125,2.97,69,3,350,10.5,13.47
1189,27.8,2.37,125,2.97,72,80,353,282.4,285.37
1190,27.8,2.37,125,2.97,69,5,350,17.5,20.47
1191,27.8,2.37,125,2.97,71,79,351.5,277.69,280.66
1192,27.8,2.37,125,2.97,72,76,353,268.28,271.25
1193,27.8,2.37,125,2.97,70,0,350,0,2.97
1194,27.8,2.37,125,2.97,69,0,350,0,2.97
1195,27.8,2.37,125,2.97,67,0,350,0,2.97
1196,27.8,2.37,125,2.97,67,0,350,0,2.97
1197,27.8,2.37,125,2.97,67,0,350,0,2.97
1198,27.8,2.37,125,2.97,66,0,350,0,2.97
1199,27.8,2.37,125,2.97,66,0,350,0,2.97
1200,27.8,2.37,125,2.97,66,0,350,0,2.97
1201,27.8,2.37,125,2.97,66,0,350,0,2.97
1202,27.8,2.37,125,2.97,66,0,350,0,2.97
1203,27.8,2.37,125,2.97,66,0,350,0,2.97
1204,27.8,2.37,125,2.97,65,0,350,0,2.97
1205,27.8,2.37,125,2.97,65,0,350,0,2.97
1206,27.8,2.37,125,2.97,65,0,350,0,2.97
1207,27.8,2.37,125,2.97,65,0,350,0,2.97
1208,27.8,2.37,125,2.97,65,0,350,0,2.97
1209,27.8,2.37,125,2.97,65,0,350,0,2.97
1210,27.8,2.37,125,2.97,62,0,350,0,2.97
1211,27.8,2.37,125,2.97,63,0,350,0,2.97
1212,27.8,2.37,125,2.97,61,0,350,0,2.97
1213,27.8,2.37,125,2.97,61,0,350,0,2.97
1214,27.8,2.37,125,2.97,61,0,350,0,2.97
1215,27.8,2.37,125,2.97,60,0,350,0,2.97
1216,27.8,2.37,125,2.97,60,0,350,0,2.97
1217,27.8,2.37,125,2.97,60,0,350,0,2.97
1218,27.8,2.37,125,2.97,60,0,350,0,2.97
1219,27.8,2.37,125,2.97,60,0,350,0,2.97
1220,27.8,2.37,125,2.97,59,0,350,0,2.97
1221,27.8,2.37,125,2.97,59,0,350,0,2.97
1222,27.8,2.37,125,2.97,59,0,350,0,2.97
1223,27.8,2.37,125,2.97,59,0,350,0,2.97
1224,27.8,2.37,125,2.97,61,25,350,87.5,90.47
1225,27.8,2.37,125,2.97,65,79,350,276.5,279.47
1226,27.8,2.37,125,2.97,65,82,350,287,289.97
1227,27.8,2.37,125,2.97,66,79,350,276.5,279.47
1228,27.8,2.37,125,2.97,67,83,350,290.5,293.47
1229,27.8,2.37,125,2.97,67,82,350,287,289.97
1230,27.8,2.37,125,2.97,67,78,350,273,275.97
1231,27.8,2.37,125,2.97,67,83,350,290.5,293.47
1232,27.8,2.37,125,2.97,67,80,350,280,282.97
1233,27.8,2.37,125,2.97,65,3,350,10.5,13.47
1234,27.8,2.37,125,2.97,65,0,350,0,2.97
1235,27.8,2.37,125,2.97,64,6,350,21,23.97
1236,27.8,2.37,125,2.97,63,6,350,21,23.97
1237,27.8,2.37,125,2.97,66,54,350,189,191.97
1238,27.8,2.37,125,2.97,65,0,350,0,2.97
1239,27.8,2.37,125,2.97,64,0,350,0,2.97
1240,27.8,2.37,125,2.97,67,80,350,280,282.97
1241,27.8,2.37,125,2.97,65,2,350,7,9.97
1242,27.8,2.37,125,2.97,66,78,350,273,275.97
1243,27.8,2.37,125,2.97,67,49,350,171.5,174.47
1244,27.8,2.37,125,2.97,68,77,350,269.5,272.47
1245,27.8,2.37,125,2.97,66,2,350,7,9.97
1246,27.8,2.37,125,2.97,68,81,350,283.5,286.47
1247,27.8,2.37,125,2.97,66,0,350,0,2.97
1248,27.8,2.37,125,2.97,68,64,350,224,226.97
1249,27.8,2.37,125,2.97,68,27,350,94.5,97.47
1250,27.8,2.37,125,2.97,67,56,350,196,198.97
1251,27.8,2.37,125,2.97,66,0,350,0,2.97
1252,27.8,2.37,125,2.97,65,0,350,0,2.97
1253,27.8,2.37,125,2.97,64,0,350,0,2.97
1254,27.8,2.37,125,2.97,64,0,350,0,2.97
1255,27.8,2.37,125,2.97,64,0,350,0,2.97
1256,27.8,2.37,125,2.97,64,0,350,0,2.97
1257,27.8,2.37,125,2.97,64,0,350,0,2.97
1258,27.8,2.37,125,2.97,63,0,350,0,2.97
1259,27.8,2.37,125,2.97,63,0,350,0,2.97
1260,27.8,2.37,125,2.97,63,0,350,0,2.97
1261,27.8,2.37,125,2.97,63,0,350,0,2.97
1262,27.8,2.37,125,2.97,63,0,350,0,2.97
1263,27.8,2.37,125,2.97,63,0,350,0,2.97
1264,27.8,2.37,125,2.97,63,0,350,0,2.97
1265,27.8,2.37,125,2.97,63,0,350,0,2.97
1266,27.8,2.37,125,2.97,63,0,350,0,2.97
1267,27.8,2.37,125,2.97,67,82,350,287,289.97
1268,27.8,2.37,125,2.97,67,78,350,273,275.97
1269,27.8,2.37,125,2.97,68,83,350,290.5,293.47
1270,27.8,2.37,125,2.97,68,78,350,273,275.97
1271,27.8,2.37,125,2.97,69,82,350,287,289.97
1272,27.8,2.37,125,2.97,69,81,350,283.5,286.47
1273,27.8,2.37,125,2.97,69,78,350,273,275.97
1274,27.8,2.37,125,2.97,69,83,350,290.5,293.47
1275,27.8,2.37,125,2.97,69,79,350,276.5,279.47
1276,27.8,2.37,125,2.97,67,0,350,0,2.97
1277,27.8,2.37,125,2.97,65,2,350,7,9.97
1278,27.8,2.37,125,2.97,65,6,350,21,23.97
1279,27.8,2.37,125,2.97,66,62,350,217,219.97
1280,27.8,2.37,125,2.97,66,4,350,14,16.97
1281,27.8,2.37,125,2.97,66,4,350,14,16.97
1282,27.8,2.37,125,2.97,69,77,350,269.5,272.47
1283,27.8,2.37,125,2.97,69,78,350,273,275.97
1284,27.8,2.37,125,2.97,67,28,350,98,100.97
1285,27.8,2.37,125,2.97,66,0,350,0,2.97
1286,27.8,2.37,125,2.97,69,80,350,280,282.97
1287,27.8,2.37,125,2.97,67,4,350,14,16.97
1288,27.8,2.37,125,2.97,69,78,350,273,275.97
1289,27.8,2.37,125,2.97,67,2,350,7,9.97
1290,27.8,2.37,125,2.97,68,9,350,31.5,34.47
1291,27.8,2.37,125,2.97,69,80,350,280,282.97
1292,27.8,2.37,125,2.97,70,75,350,262.5,265.47
1293,27.8,2.37,125,2.97,67,0,350,0,2.97
1294,27.8,2.37,125,2.97,66,0,350,0,2.97
1295,27.8,2.37,125,2.97,65,0,350,0,2.97
1296,27.8,2.37,125,2.97,65,0,350,0,2.97
1297,27.8,2.37,125,2.97,65,0,350,0,2.97
1298,27.8,2.37,125,2.97,65,0,350,0,2.97
1299,27.8,2.37,125,2.97,64,0,350,0,2.97
1300,27.8,2.37,125,2.97,64,0,350,0,2.97
1301,27.8,2.37,125,2.97,68,83,350,290.5,293.47
1302,27.8,2.37,125,2.97,69,76,350,266,268.97
1303,27.8,2.37,125,2.97,70,80,350,280,282.97
1304,27.8,2.37,125,2.97,70,82,350,287,289.97
1305,27.8,2.37,125,2.97,70,77,350,269.5,272.47
1306,27.8,2.37,125,2.97,70,82,350,287,289.97
1307,27.8,2.37,125,2.97,70,82,350,287,289.97
1308,27.8,2.37,125,2.97,71,81,351.5,284.71,287.68
1309,27.8,2.37,125,2.97,71,79,351.5,277.69,280.66
1310,27.8,2.37,125,2.97,68,0,350,0,2.97
1311,27.8,2.37,125,2.97,66,2,350,7,9.97
1312,27.8,2.37,125,2.97,66,6,350,21,23.97
1313,27.8,2.37,125,2.97,68,59,350,206.5,209.47
1314,27.8,2.37,125,2.97,67,4,350,14,16.97
1315,27.8,2.37,125,2.97,67,2,350,7,9.97
1316,27.8,2.37,125,2.97,70,79,350,276.5,279.47
1317,27.8,2.37,125,2.97,68,2,350,7,9.97
1318,27.8,2.37,125,2.97,70,80,350,280,282.97
1319,27.8,2.37,125,2.97,69,50,350,175,177.97
1320,27.8,2.37,125,2.97,71,78,351.5,274.17,277.14
1321,27.8,2.37,125,2.97,68,2,350,7,9.97
1322,27.8,2.37,125,2.97,71,83,351.5,291.75,294.72
1323,27.8,2.37,125,2.97,68,2,350,7,9.97
1324,27.8,2.37,125,2.97,70,58,350,203,205.97
1325,27.8,2.37,125,2.97,70,80,350,280,282.97
1326,27.8,2.37,125,2.97,69,0,350,0,2.97
1327,27.8,2.37,125,2.97,68,0,350,0,2.97
1328,27.8,2.37,125,2.97,66,0,350,0,2.97
1329,27.8,2.37,125,2.97,66,0,350,0,2.97
1330,27.8,2.37,125,2.97,66,0,350,0,2.97
1331,27.8,2.37,125,2.97,66,0,350,0,2.97
1332,27.8,2.37,125,2.97,65,0,350,0,2.97
1333,27.8,2.37,125,2.97,65,0,350,0,2.97
1334,27.8,2.37,125,2.97,65,0,350,0,2.97
1335,27.8,2.37,125,2.97,65,0,350,0,2.97
1336,27.8,2.37,125,2.97,65,0,350,0,2.97
1337,27.8,2.37,125,2.97,68,84,350,294,296.97
1338,27.8,2.37,125,2.97,69,83,350,290.5,293.47
1339,27.8,2.37,125,2.97,70,83,350,290.5,293.47
1340,27.8,2.37,125,2.97,70,79,350,276.5,279.47
1341,27.8,2.37,125,2.97,70,83,350,290.5,293.47
1342,27.8,2.37,125,2.97,71,80,351.5,281.2,284.17
1343,27.8,2.37,125,2.97,71,80,351.5,281.2,284.17
1344,27.8,2.37,125,2.97,71,77,351.5,270.65,273.62
1345,27.8,2.37,125,2.97,71,83,351.5,291.75,294.72
1346,27.8,2.37,125,2.97,68,3,350,10.5,13.47
1347,27.8,2.37,125,2.97,68,0,350,0,2.97
1348,27.8,2.37,125,2.97,66,7,350,24.5,27.47
1349,27.8,2.37,125,2.97,66,6,350,21,23.97
1350,27.8,2.37,125,2.97,70,82,350,287,289.97
1351,27.8,2.37,125,2.97,68,5,350,17.5,20.47
1352,27.8,2.37,125,2.97,70,80,350,280,282.97
1353,27.8,2.37,125,2.97,70,55,350,192.5,195.47
1354,27.8,2.37,125,2.97,68,2,350,7,9.97
1355,27.8,2.37,125,2.97,68,2,350,7,9.97
1356,27.8,2.37,125,2.97,70,76,350,266,268.97
1357,27.8,2.37,125,2.97,70,75,350,262.5,265.47
1358,27.8,2.37,125,2.97,70,69,350,241.5,244.47
1359,27.8,2.37,125,2.97,69,33,350,115.5,118.47
1360,27.8,2.37,125,2.97,70,79,350,276.5,279.47
1361,27.8,2.37,125,2.97,71,50,351.5,175.75,178.72
1362,27.8,2.37,125,2.97,71,75,351.5,263.62,266.59
1363,27.8,2.37,125,2.97,68,0,350,0,2.97
1364,27.8,2.37,125,2.97,68,0,350,0,2.97
1365,27.8,2.37,125,2.97,67,0,350,0,2.97
1366,27.8,2.37,125,2.97,66,0,350,0,2.97
1367,27.8,2.37,125,2.97,66,0,350,0,2.97
1368,27.8,2.37,125,2.97,66,0,350,0,2.97
1369,27.8,2.37,125,2.97,66,0,350,0,2.97
1370,27.8,2.37,125,2.97,65,0,350,0,2.97
1371,27.8,2.37,125,2.97,65,0,350,0,2.97
1372,27.8,2.37,125,2.97,65,0,350,0,2.97
1373,27.8,2.37,125,2.97,65,0,350,0,2.97
1374,27.8,2.37,125,2.97,68,83,350,290.5,293.47
1375,27.8,2.37,125,2.97,69,76,350,266,268.97
1376,27.8,2.37,125,2.97,70,82,350,287,289.97
1377,27.8,2.37,125,2.97,70,82,350,287,289.97
1378,27.8,2.37,125,2.97,71,77,351.5,270.65,273.62
1379,27.8,2.37,125,2.97,71,81,351.5,284.71,287.68
1380,27.8,2.37,125,2.97,71,74,351.5,260.11,263.08
1381,27.8,2.37,125,2.97,71,77,351.5,270.65,273.62
1382,27.8,2.37,125,2.97,71,80,351.5,281.2,284.17
1383,27.8,2.37,125,2.97,69,14,350,49,51.97
1384,27.8,2.37,125,2.97,68,0,350,0,2.97
1385,27.8,2.37,125,2.97,67,7,350,24.5,27.47
1386,27.8,2.37,125,2.97,66,6,350,21,23.97
1387,27.8,2.37,125,2.97,69,48,350,168,170.97
1388,27.8,2.37,125,2.97,68,3,350,10.5,13.47
1389,27.8,2.37,125,2.97,70,82,350,287,289.97
1390,27.8,2.37,125,2.97,71,66,351.5,231.99,234.96
1391,27.8,2.37,125,2.97,68,0,350,0,2.97
1392,27.8,2.37,125,2.97,68,3,350,10.5,13.47
1393,27.8,2.37,125,2.97,70,78,350,273,275.97
1394,27.8,2.37,125,2.97,69,35,350,122.5,125.47
1395,27.8,2.37,125,2.97,71,80,351.5,281.2,284.17
1396,27.8,2.37,125,2.97,69,2,350,7,9.97
1397,27.8,2.37,125,2.97,69,10,350,35,37.97
1398,27.8,2.37,125,2.97,70,83,350,290.5,293.47
1399,27.8,2.37,125,2.97,71,77,351.5,270.65,273.62
1400,27.8,2.37,125,2.97,68,0,350,0,2.97
1401,27.8,2.37,125,2.97,67,0,350,0,2.97
1402,27.8,2.37,125,2.97,67,0,350,0,2.97
1403,27.8,2.37,125,2.97,66,0,350,0,2.97
1404,27.8,2.37,125,2.97,66,0,350,0,2.97
1405,27.8,2.37,125,2.97,66,0,350,0,2.97
1406,27.8,2.37,125,2.97,66,0,350,0,2.97
1407,27.8,2.37,125,2.97,65,0,350,0,2.97
1408,27.8,2.37,125,2.97,65,0,350,0,2.97
1409,27.8,2.37,125,2.97,69,83,350,290.5,293.47
1410,27.8,2.37,125,2.97,70,83,350,290.5,293.47
1411,27.8,2.37,125,2.97,70,76,350,266,268.97
1412,27.8,2.37,125,2.97,71,83,351.5,291.75,294.72
1413,27.8,2.37,125,2.97,71,78,351.5,274.17,277.14
1414,27.8,2.37,125,2.97,72,83,353,292.99,295.96
1415,27.8,2.37,125,2.97,72,78,353,275.34,278.31
1416,27.8,2.37,125,2.97,72,81,353,285.93,288.9
1417,27.8,2.37,125,2.97,72,82,353,289.46,292.43
1418,27.8,2.37,125,2.97,69,0,350,0,2.97
1419,27.8,2.37,125,2.97,68,0,350,0,2.97
1420,27.8,2.37,125,2.97,67,19,350,66.5,69.47
1421,27.8,2.37,125,2.97,67,37,350,129.5,132.47
1422,27.8,2.37,125,2.97,69,21,350,73.5,76.47
1423,27.8,2.37,125,2.97,68,4,350,14,16.97
1424,27.8,2.37,125,2.97,71,80,351.5,281.2,284.17
1425,27.8,2.37,125,2.97,70,78,350,273,275.97
1426,27.8,2.37,125,2.97,70,0,350,0,2.97
1427,27.8,2.37,125,2.97,68,0,350,0,2.97
1428,27.8,2.37,125,2.97,71,80,351.5,281.2,284.17
1429,27.8,2.37,125,2.97,69,3,350,10.5,13.47
1430,27.8,2.37,125,2.97,71,79,351.5,277.69,280.66
1431,27.8,2.37,125,2.97,69,4,350,14,16.97
1432,27.8,2.37,125,2.97,69,34,350,119,121.97
1433,27.8,2.37,125,2.97,71,86,351.5,302.29,305.26
1434,27.8,2.37,125,2.97,71,80,351.5,281.2,284.17
1435,27.8,2.37,125,2.97,69,0,350,0,2.97
1436,27.8,2.37,125,2.97,67,0,350,0,2.97
1437,27.8,2.37,125,2.97,67,0,350,0,2.97
1438,27.8,2.37,125,2.97,66,0,350,0,2.97
1439,27.8,2.37,125,2.97,66,0,350,0,2.97
1440,27.8,2.37,125,2.97,66,0,350,0,2.97
1441,27.8,2.37,125,2.97,66,0,350,0,2.97
1442,27.8,2.37,125,2.97,66,0,350,0,2.97
1443,27.8,2.37,125,2.97,65,0,350,0,2.97
1444,27.8,2.37,125,2.97,65,0,350,0,2.97
1445,27.8,2.37,125,2.97,65,0,350,0,2.97
1446,27.8,2.37,125,2.97,68,84,350,294,296.97
1447,27.8,2.37,125,2.97,69,83,350,290.5,293.47
1448,27.8,2.37,125,2.97,70,79,350,276.5,279.47
1449,27.8,2.37,125,2.97,71,84,351.5,295.26,298.23
1450,27.8,2.37,125,2.97,71,81,351.5,284.71,287.68
1451,27.8,2.37,125,2.97,71,82,351.5,288.23,291.2
1452,27.8,2.37,125,2.97,71,79,351.5,277.69,280.66
1453,27.8,2.37,125,2.97,72,80,353,282.4,285.37
1454,27.8,2.37,125,2.97,71,83,351.5,291.75,294.72
1455,27.8,2.37,125,2.97,69,3,350,10.5,13.47
1456,27.8,2.37,125,2.97,69,0,350,0,2.97
1457,27.8,2.37,125,2.97,67,8,350,28,30.97
1458,27.8,2.37,125,2.97,66,6,350,21,23.97
1459,27.8,2.37,125,2.97,70,83,350,290.5,293.47
1460,27.8,2.37,125,2.97,68,7,350,24.5,27.47
1461,27.8,2.37,125,2.97,69,86,350,301,303.97
1462,27.8,2.37,125,2.97,69,42,350,147,149.97
1463,27.8,2.37,125,2.97,68,2,350,7,9.97
1464,27.8,2.37,125,2.97,68,3,350,10.5,13.47
1465,27.8,2.37,125,2.97,71,79,351.5,277.69,280.66
1466,27.8,2.37,125,2.97,70,75,350,262.5,265.47
1467,27.8,2.37,125,2.97,71,80,351.5,281.2,284.17
1468,27.8,2.37,125,2.97,69,2,350,7,9.97
1469,27.8,2.37,125,2.97,70,76,350,266,268.97
1470,27.8,2.37,125,2.97,71,80,351.5,281.2,284.17
1471,27.8,2.37,125,2.97,71,79,351.5,277.69,280.66
1472,27.8,2.37,125,2.97,69,0,350,0,2.97
1473,27.8,2.37,125,2.97,68,0,350,0,2.97
1474,27.8,2.37,125,2.97,67,0,350,0,2.97
1475,27.8,2.37,125,2.97,66,0,350,0,2.97
1476,27.8,2.37,125,2.97,66,0,350,0,2.97
1477,27.8,2.37,125,2.97,66,0,350,0,2.97
1478,27.8,2.37,125,2.97,66,0,350,0,2.97
1479,27.8,2.37,125,2.97,66,0,350,0,2.97
1480,27.8,2.37,125,2.97,65,0,350,0,2.97
1481,27.8,2.37,125,2.97,65,0,350,0,2.97
1482,27.8,2.37,125,2.97,65,0,350,0,2.97
1483,27.8,2.37,125,2.97,65,0,350,0,2.97
1484,27.8,2.37,125,2.97,65,0,350,0,2.97
1485,27.8,2.37,125,2.97,65,0,350,0,2.97
1486,27.8,2.37,125,2.97,65,0,350,0,2.97
1487,27.8,2.37,125,2.97,65,0,350,0,2.97
1488,27.8,2.37,125,2.97,64,0,350,0,2.97
1489,27.8,2.37,125,2.97,62,0,350,0,2.97
1490,27.8,2.37,125,2.97,62,0,350,0,2.97
1491,27.8,2.37,125,2.97,61,0,350,0,2.97
1492,27.8,2.37,125,2.97,61,0,350,0,2.97
1493,27.8,2.37,125,2.97,61,0,350,0,2.97
1494,27.8,2.37,125,2.97,60,0,350,0,2.97
1495,27.8,2.37,125,2.97,60,0,350,0,2.97
1496,27.8,2.37,125,2.97,60,0,350,0,2.97
1497,27.8,2.37,125,2.97,59,0,350,0,2.97
1498,27.8,2.37,125,2.97,59,0,350,0,2.97
1499,27.8,2.37,125,2.97,62,83,350,290.5,293.47
1500,27.8,2.37,125,2.97,65,79,350,276.5,279.47
1501,27.8,2.37,125,2.97,66,81,350,283.5,286.47
1502,27.8,2.37,125,2.97,67,79,350,276.5,279.47
1503,27.8,2.37,125,2.97,67,83,350,290.5,293.47
1504,27.8,2.37,125,2.97,67,79,350,276.5,279.47
1505,27.8,2.37,125,2.97,68,81,350,283.5,286.47
1506,27.8,2.37,125,2.97,68,81,350,283.5,286.47
1507,27.8,2.37,125,2.97,68,81,350,283.5,286.47
1508,27.8,2.37,125,2.97,66,2,350,7,9.97
1509,27.8,2.37,125,2.97,65,0,350,0,2.97
1510,27.8,2.37,125,2.97,64,7,350,24.5,27.47
1511,27.8,2.37,125,2.97,64,6,350,21,23.97
1512,27.8,2.37,125,2.97,67,82,350,287,289.97
1513,27.8,2.37,125,2.97,65,0,350,0,2.97
1514,27.8,2.37,125,2.97,67,46,350,161,163.97
1515,27.8,2.37,125,2.97,66,80,350,280,282.97
1516,27.8,2.37,125,2.97,66,2,350,7,9.97
1517,27.8,2.37,125,2.97,66,4,350,14,16.97
1518,27.8,2.37,125,2.97,68,80,350,280,282.97
1519,27.8,2.37,125,2.97,68,79,350,276.5,279.47
1520,27.8,2.37,125,2.97,67,0,350,0,2.97
1521,27.8,2.37,125,2.97,68,79,350,276.5,279.47
1522,27.8,2.37,125,2.97,68,39,350,136.5,139.47
1523,27.8,2.37,125,2.97,68,62,350,217,219.97
1524,27.8,2.37,125,2.97,69,79,350,276.5,279.47
1525,27.8,2.37,125,2.97,67,0,350,0,2.97
1526,27.8,2.37,125,2.97,66,0,350,0,2.97
1527,27.8,2.37,125,2.97,65,0,350,0,2.97
1528,27.8,2.37,125,2.97,64,0,350,0,2.97
1529,27.8,2.37,125,2.97,64,0,350,0,2.97
1530,27.8,2.37,125,2.97,64,0,350,0,2.97
1531,27.8,2.37,125,2.97,64,0,350,0,2.97
1532,27.8,2.37,125,2.97,64,0,350,0,2.97
1533,27.8,2.37,125,2.97,64,0,350,0,2.97
1534,27.8,2.37,125,2.97,64,0,350,0,2.97
1535,27.8,2.37,125,2.97,68,83,350,290.5,293.47
1536,27.8,2.37,125,2.97,68,79,350,276.5,279.47
1537,27.8,2.37,125,2.97,69,79,350,276.5,279.47
1538,27.8,2.37,125,2.97,69,84,350,294,296.97
1539,27.8,2.37,125,2.97,69,79,350,276.5,279.47
1540,27.8,2.37,125,2.97,69,81,350,283.5,286.47
1541,27.8,2.37,125,2.97,70,84,350,294,296.97
1542,27.8,2.37,125,2.97,70,78,350,273,275.97
1543,27.8,2.37,125,2.97,68,76,350,266,268.97
1544,27.8,2.37,125,2.97,67,0,350,0,2.97
1545,27.8,2.37,125,2.97,66,7,350,24.5,27.47
1546,27.8,2.37,125,2.97,65,7,350,24.5,27.47
1547,27.8,2.37,125,2.97,68,41,350,143.5,146.47
1548,27.8,2.37,125,2.97,67,2,350,7,9.97
1549,27.8,2.37,125,2.97,67,0,350,0,2.97
1550,27.8,2.37,125,2.97,69,80,350,280,282.97
1551,27.8,2.37,125,2.97,67,4,350,14,16.97
1552,27.8,2.37,125,2.97,67,57,350,199.5,202.47
1553,27.8,2.37,125,2.97,69,43,350,150.5,153.47
1554,27.8,2.37,125,2.97,70,79,350,276.5,279.47
1555,27.8,2.37,125,2.97,67,0,350,0,2.97
1556,27.8,2.37,125,2.97,70,79,350,276.5,279.47
1557,27.8,2.37,125,2.97,69,10,350,35,37.97
1558,27.8,2.37,125,2.97,69,79,350,276.5,279.47
1559,27.8,2.37,125,2.97,70,78,350,273,275.97
1560,27.8,2.37,125,2.97,68,0,350,0,2.97
1561,27.8,2.37,125,2.97,67,0,350,0,2.97
1562,27.8,2.37,125,2.97,66,0,350,0,2.97
1563,27.8,2.37,125,2.97,66,0,350,0,2.97
1564,27.8,2.37,125,2.97,65,0,350,0,2.97
1565,27.8,2.37,125,2.97,65,0,350,0,2.97
1566,27.8,2.37,125,2.97,65,0,350,0,2.97
1567,27.8,2.37,125,2.97,65,0,350,0,2.97
1568,27.8,2.37,125,2.97,69,83,350,290.5,293.47
1569,27.8,2.37,125,2.97,70,83,350,290.5,293.47
1570,27.8,2.37,125,2.97,70,82,350,287,289.97
1571,27.8,2.37,125,2.97,70,78,350,273,275.97
1572,27.8,2.37,125,2.97,71,83,351.5,291.75,294.72
1573,27.8,2.37,125,2.97,71,78,351.5,274.17,277.14
1574,27.8,2.37,125,2.97,71,78,351.5,274.17,277.14
1575,27.8,2.37,125,2.97,71,83,351.5,291.75,294.72
1576,27.8,2.37,125,2.97,72,78,353,275.34,278.31
1577,27.8,2.37,125,2.97,68,0,350,0,2.97
1578,27.8,2.37,125,2.97,67,0,350,0,2.97
1579,27.8,2.37,125,2.97,66,19,350,66.5,69.47
1580,27.8,2.37,125,2.97,68,47,350,164.5,167.47
1581,27.8,2.37,125,2.97,68,9,350,31.5,34.47
1582,27.8,2.37,125,2.97,68,2,350,7,9.97
1583,27.8,2.37,125,2.97,70,86,350,301,303.97
1584,27.8,2.37,125,2.97,71,80,351.5,281.2,284.17
1585,27.8,2.37,125,2.97,70,54,350,189,191.97
1586,27.8,2.37,125,2.97,69,0,350,0,2.97
1587,27.8,2.37,125,2.97,71,79,351.5,277.69,280.66
1588,27.8,2.37,125,2.97,68,4,350,14,16.97
1589,27.8,2.37,125,2.97,71,78,351.5,274.17,277.14
1590,27.8,2.37,125,2.97,68,2,350,7,9.97
1591,27.8,2.37,125,2.97,70,30,350,105,107.97
1592,27.8,2.37,125,2.97,69,62,350,217,219.97
1593,27.8,2.37,125,2.97,71,79,351.5,277.69,280.66
1594,27.8,2.37,125,2.97,68,0,350,0,2.97
1595,27.8,2.37,125,2.97,67,0,350,0,2.97
1596,27.8,2.37,125,2.97,66,0,350,0,2.97
1597,27.8,2.37,125,2.97,66,0,350,0,2.97
1598,27.8,2.37,125,2.97,66,0,350,0,2.97
1599,27.8,2.37,125,2.97,66,0,350,0,2.97
1600,27.8,2.37,125,2.97,66,0,350,0,2.97
1601,27.8,2.37,125,2.97,65,0,350,0,2.97
1602,27.8,2.37,125,2.97,65,0,350,0,2.97
1603,27.8,2.37,125,2.97,70,83,350,290.5,293.47
1604,27.8,2.37,125,2.97,70,78,350,273,275.97
1605,27.8,2.37,125,2.97,70,83,350,290.5,293.47
1606,27.8,2.37,125,2.97,71,77,351.5,270.65,273.62
1607,27.8,2.37,125,2.97,71,77,351.5,270.65,273.62
1608,27.8,2.37,125,2.97,71,83,351.5,291.75,294.72
1609,27.8,2.37,125,2.97,71,78,351.5,274.17,277.14
1610,27.8,2.37,125,2.97,71,77,351.5,270.65,273.62
1611,27.8,2.37,125,2.97,70,17,350,59.5,62.47
1612,27.8,2.37,125,2.97,69,0,350,0,2.97
1613,27.8,2.37,125,2.97,67,7,350,24.5,27.47
1614,27.8,2.37,125,2.97,67,7,350,24.5,27.47
1615,27.8,2.37,125,2.97,69,32,350,112,114.97
1616,27.8,2.37,125,2.97,68,4,350,14,16.97
1617,27.8,2.37,125,2.97,68,2,350,7,9.97
1618,27.8,2.37,125,2.97,70,86,350,301,303.97
1619,27.8,2.37,125,2.97,69,31,350,108.5,111.47
1620,27.8,2.37,125,2.97,70,78,350,273,275.97
1621,27.8,2.37,125,2.97,69,12,350,42,44.97
1622,27.8,2.37,125,2.97,71,75,351.5,263.62,266.59
1623,27.8,2.37,125,2.97,69,2,350,7,9.97
1624,27.8,2.37,125,2.97,71,78,351.5,274.17,277.14
1625,27.8,2.37,125,2.97,69,2,350,7,9.97
1626,27.8,2.37,125,2.97,70,10,350,35,37.97
1627,27.8,2.37,125,2.97,70,86,350,301,303.97
1628,27.8,2.37,125,2.97,71,75,351.5,263.62,266.59
1629,27.8,2.37,125,2.97,69,0,350,0,2.97
1630,27.8,2.37,125,2.97,67,0,350,0,2.97
1631,27.8,2.37,125,2.97,67,0,350,0,2.97
1632,27.8,2.37,125,2.97,66,0,350,0,2.97
1633,27.8,2.37,125,2.97,66,0,350,0,2.97
1634,27.8,2.37,125,2.97,66,0,350,0,2.97
1635,27.8,2.37,125,2.97,66,0,350,0,2.97
1636,27.8,2.37,125,2.97,66,0,350,0,2.97
1637,27.8,2.37,125,2.97,65,0,350,0,2.97
1638,27.8,2.37,125,2.97,65,0,350,0,2.97
1639,27.8,2.37,125,2.97,65,0,350,0,2.97
1640,27.8,2.37,125,2.97,65,0,350,0,2.97
1641,27.8,2.37,125,2.97,65,0,350,0,2.97
1642,27.8,2.37,125,2.97,65,0,350,0,2.97
1643,27.8,2.37,125,2.97,65,0,350,0,2.97
1644,27.8,2.37,125,2.97,67,83,350,290.5,293.47
1645,27.8,2.37,125,2.97,69,83,350,290.5,293.47
1646,27.8,2.37,125,2.97,69,78,350,273,275.97
1647,27.8,2.37,125,2.97,70,77,350,269.5,272.47
1648,27.8,2.37,125,2.97,70,82,350,287,289.97
1649,27.8,2.37,125,2.97,70,77,350,269.5,272.47
1650,27.8,2.37,125,2.97,71,82,351.5,288.23,291.2
1651,27.8,2.37,125,2.97,71,79,351.5,277.69,280.66
1652,27.8,2.37,125,2.97,71,80,351.5,281.2,284.17
1653,27.8,2.37,125,2.97,69,3,350,10.5,13.47
1654,27.8,2.37,125,2.97,68,0,350,0,2.97
1655,27.8,2.37,125,2.97,66,3,350,10.5,13.47
1656,27.8,2.37,125,2.97,66,6,350,21,23.97
1657,27.8,2.37,125,2.97,69,40,350,140,142.97
1658,27.8,2.37,125,2.97,67,0,350,0,2.97
1659,27.8,2.37,125,2.97,68,23,350,80.5,83.47
1660,27.8,2.37,125,2.97,71,80,351.5,281.2,284.17
1661,27.8,2.37,125,2.97,68,2,350,7,9.97
1662,27.8,2.37,125,2.97,69,79,350,276.5,279.47
1663,27.8,2.37,125,2.97,70,51,350,178.5,181.47
1664,27.8,2.37,125,2.97,71,78,351.5,274.17,277.14
1665,27.8,2.37,125,2.97,68,3,350,10.5,13.47
1666,27.8,2.37,125,2.97,71,80,351.5,281.2,284.17
1667,27.8,2.37,125,2.97,68,5,350,17.5,20.47
1668,27.8,2.37,125,2.97,71,80,351.5,281.2,284.17
1669,27.8,2.37,125,2.97,71,80,351.5,281.2,284.17
1670,27.8,2.37,125,2.97,69,0,350,0,2.97
1671,27.8,2.37,125,2.97,68,0,350,0,2.97
1672,27.8,2.37,125,2.97,67,0,350,0,2.97
1673,27.8,2.37,125,2.97,66,0,350,0,2.97
1674,27.8,2.37,125,2.97,66,0,350,0,2.97
1675,27.8,2.37,125,2.97,66,0,350,0,2.97
1676,27.8,2.37,125,2.97,65,0,350,0,2.97
1677,27.8,2.37,125,2.97,65,0,350,0,2.97
1678,27.8,2.37,125,2.97,65,0,350,0,2.97
1679,27.8,2.37,125,2.97,65,0,350,0,2.97
1680,27.8,2.37,125,2.97,65,0,350,0,2.97
1681,27.8,2.37,125,2.97,69,79,350,276.5,279.47
1682,27.8,2.37,125,2.97,69,81,350,283.5,286.47
1683,27.8,2.37,125,2.97,70,78,350,273,275.97
1684,27.8,2.37,125,2.97,71,82,351.5,288.23,291.2
1685,27.8,2.37,125,2.97,70,82,350,287,289.97
1686,27.8,2.37,125,2.97,71,78,351.5,274.17,277.14
1687,27.8,2.37,125,2.97,71,83,351.5,291.75,294.72
1688,27.8,2.37,125,2.97,71,81,351.5,284.71,287.68
1689,27.8,2.37,125,2.97,71,78,351.5,274.17,277.14
1690,27.8,2.37,125,2.97,69,21,350,73.5,76.47
1691,27.8,2.37,125,2.97,68,0,350,0,2.97
1692,27.8,2.37,125,2.97,67,9,350,31.5,34.47
1693,27.8,2.37,125,2.97,67,8,350,28,30.97
1694,27.8,2.37,125,2.97,69,71,350,248.5,251.47
1695,27.8,2.37,125,2.97,68,2,350,7,9.97
1696,27.8,2.37,125,2.97,71,88,351.5,309.32,312.29
1697,27.8,2.37,125,2.97,71,76,351.5,267.14,270.11
1698,27.8,2.37,125,2.97,68,4,350,14,16.97
1699,27.8,2.37,125,2.97,68,2,350,7,9.97
1700,27.8,2.37,125,2.97,71,79,351.5,277.69,280.66
1701,27.8,2.37,125,2.97,69,3,350,10.5,13.47
1702,27.8,2.37,125,2.97,71,80,351.5,281.2,284.17
1703,27.8,2.37,125,2.97,69,4,350,14,16.97
1704,27.8,2.37,125,2.97,70,10,350,35,37.97
1705,27.8,2.37,125,2.97,69,84,350,294,296.97
1706,27.8,2.37,125,2.97,70,53,350,185.5,188.47
1707,27.8,2.37,125,2.97,69,0,350,0,2.97
1708,27.8,2.37,125,2.97,67,0,350,0,2.97
1709,27.8,2.37,125,2.97,67,0,350,0,2.97
1710,27.8,2.37,125,2.97,66,0,350,0,2.97
1711,27.8,2.37,125,2.97,66,0,350,0,2.97
1712,27.8,2.37,125,2.97,66,0,350,0,2.97
1713,27.8,2.37,125,2.97,66,0,350,0,2.97
1714,27.8,2.37,125,2.97,65,0,350,0,2.97
1715,27.8,2.37,125,2.97,65,0,350,0,2.97
1716,27.8,2.37,125,2.97,65,0,350,0,2.97
1717,27.8,2.37,125,2.97,68,79,350,276.5,279.47
1718,27.8,2.37,125,2.97,70,83,350,290.5,293.47
1719,27.8,2.37,125,2.97,70,79,350,276.5,279.47
1720,27.8,2.37,125,2.97,71,79,351.5,277.69,280.66
1721,27.8,2.37,125,2.97,71,83,351.5,291.75,294.72
1722,27.8,2.37,125,2.97,71,78,351.5,274.17,277.14
1723,27.8,2.37,125,2.97,71,83,351.5,291.75,294.72
1724,27.8,2.37,125,2.97,72,76,353,268.28,271.25
1725,27.8,2.37,125,2.97,72,79,353,278.87,281.84
1726,27.8,2.37,125,2.97,69,21,350,73.5,76.47
1727,27.8,2.37,125,2.97,69,0,350,0,2.97
1728,27.8,2.37,125,2.97,67,8,350,28,30.97
1729,27.8,2.37,125,2.97,67,7,350,24.5,27.47
1730,27.8,2.37,125,2.97,69,68,350,238,240.97
1731,27.8,2.37,125,2.97,68,2,350,7,9.97
1732,27.8,2.37,125,2.97,70,83,350,290.5,293.47
1733,27.8,2.37,125,2.97,71,51,351.5,179.26,182.23
1734,27.8,2.37,125,2.97,68,2,350,7,9.97
1735,27.8,2.37,125,2.97,68,4,350,14,16.97
1736,27.8,2.37,125,2.97,71,78,351.5,274.17,277.14
1737,27.8,2.37,125,2.97,69,4,350,14,16.97
1738,27.8,2.37,125,2.97,71,79,351.5,277.69,280.66
1739,27.8,2.37,125,2.97,69,4,350,14,16.97
1740,27.8,2.37,125,2.97,69,10,350,35,37.97
1741,27.8,2.37,125,2.97,71,83,351.5,291.75,294.72
1742,27.8,2.37,125,2.97,72,78,353,275.34,278.31
1743,27.8,2.37,125,2.97,69,0,350,0,2.97
1744,27.8,2.37,125,2.97,67,0,350,0,2.97
1745,27.8,2.37,125,2.97,67,0,350,0,2.97
1746,27.8,2.37,125,2.97,66,0,350,0,2.97
1747,27.8,2.37,125,2.97,66,0,350,0,2.97
1748,27.8,2.37,125,2.97,66,0,350,0,2.97
1749,27.8,2.37,125,2.97,66,0,350,0,2.97
1750,27.8,2.37,125,2.97,66,0,350,0,2.97
1751,27.8,2.37,125,2.97,66,0,350,0,2.97
1752,27.8,2.37,125,2.97,65,0,350,0,2.97
1753,27.8,2.37,125,2.97,65,0,350,0,2.97
1754,27.8,2.37,125,2.97,69,82,350,287,289.97
1755,27.8,2.37,125,2.97,70,77,350,269.5,272.47
1756,27.8,2.37,125,2.97,70,83,350,290.5,293.47
1757,27.8,2.37,125,2.97,71,82,351.5,288.23,291.2
1758,27.8,2.37,125,2.97,71,76,351.5,267.14,270.11
1759,27.8,2.37,125,2.97,72,77,353,271.81,274.78
1760,27.8,2.37,125,2.97,71,77,351.5,270.65,273.62
1761,27.8,2.37,125,2.97,72,76,353,268.28,271.25
1762,27.8,2.37,125,2.97,72,80,353,282.4,285.37
1763,27.8,2.37,125,2.97,69,0,350,0,2.97
1764,27.8,2.37,125,2.97,68,0,350,0,2.97
1765,27.8,2.37,125,2.97,67,18,350,63,65.97
1766,27.8,2.37,125,2.97,68,77,350,269.5,272.47
1767,27.8,2.37,125,2.97,68,4,350,14,16.97
1768,27.8,2.37,125,2.97,68,0,350,0,2.97
1769,27.8,2.37,125,2.97,71,78,351.5,274.17,277.14
1770,27.8,2.37,125,2.97,69,8,350,28,30.97
1771,27.8,2.37,125,2.97,71,79,351.5,277.69,280.66
1772,27.8,2.37,125,2.97,70,47,350,164.5,167.47
1773,27.8,2.37,125,2.97,71,77,351.5,270.65,273.62
1774,27.8,2.37,125,2.97,69,2,350,7,9.97
1775,27.8,2.37,125,2.97,72,80,353,282.4,285.37
1776,27.8,2.37,125,2.97,70,30,350,105,107.97
1777,27.8,2.37,125,2.97,71,73,351.5,256.6,259.57
1778,27.8,2.37,125,2.97,72,78,353,275.34,278.31
1779,27.8,2.37,125,2.97,69,0,350,0,2.97
1780,27.8,2.37,125,2.97,69,0,350,0,2.97
1781,27.8,2.37,125,2.97,67,0,350,0,2.97
1782,27.8,2.37,125,2.97,67,0,350,0,2.97
1783,27.8,2.37,125,2.97,66,0,350,0,2.97
1784,27.8,2.37,125,2.97,66,0,350,0,2.97
1785,27.8,2.37,125,2.97,66,0,350,0,2.97
1786,27.8,2.37,125,2.97,66,0,350,0,2.97
1787,27.8,2.37,125,2.97,66,0,350,0,2.97
1788,27.8,2.37,125,2.97,66,0,350,0,2.97
1789,27.8,2.37,125,2.97,65,0,350,0,2.97
1790,27.8,2.37,125,2.97,66,5,350,17.5,20.47
1791,27.8,2.37,125,2.97,70,83,350,290.5,293.47
1792,27.8,2.37,125,2.97,70,78,350,273,275.97
1793,27.8,2.37,125,2.97,71,83,351.5,291.75,294.72
1794,27.8,2.37,125,2.97,71,80,351.5,281.2,284.17
1795,27.8,2.37,125,2.97,72,78,353,275.34,278.31
1796,27.8,2.37,125,2.97,71,81,351.5,284.71,287.68
1797,27.8,2.37,125,2.97,72,81,353,285.93,288.9
1798,27.8,2.37,125,2.97,72,82,353,289.46,292.43
1799,27.8,2.37,125,2.97,70,3,350,10.5,13.47
1800,27.8,2.37,125,2.97,69,0,350,0,2.97
