Times,CPU Temperature (°„C),CPU Usage (%),Adjusted CPU Power (W),CPU Energy (J),GPU Temperature (°„C),GPU Usage (%),Adjusted GPU Power (W),GPU Energy (J),Total Energy (J)
1,45,1.66,115,1.9,41,40,110,44,45.9
2,45,1.66,115,1.9,46,13,110,14.3,16.2
3,45,1.66,115,1.9,41,28,110,30.8,32.7
4,45,1.66,115,1.9,41,10,110,11,12.9
5,45,1.66,115,1.9,41,0,110,0,1.9
6,45,1.66,115,1.9,46,47,110,51.7,53.6
7,45,1.66,115,1.9,43,42,110,46.2,48.1
8,45,1.66,115,1.9,42,0,110,0,1.9
9,45,1.66,115,1.9,42,8,110,8.8,10.7
10,45,1.66,115,1.9,42,0,110,0,1.9
11,45,1.66,115,1.9,43,20,110,22,23.9
12,45,1.66,115,1.9,42,21,110,23.1,25
13,45,1.66,115,1.9,45,54,110,59.4,61.3
14,45,1.66,115,1.9,48,41,110,45.1,47
15,45,1.66,115,1.9,44,0,110,0,1.9
16,45,1.66,115,1.9,43,9,110,9.9,11.8
17,45,1.66,115,1.9,43,0,110,0,1.9
18,45,1.66,115,1.9,46,53,110,58.3,60.2
19,45,1.66,115,1.91,44,11,110,12.1,14.01
20,45,1.66,115,1.91,48,25,110,27.5,29.41
21,45,1.66,115,1.91,50,46,110,50.6,52.51
22,45,1.66,115,1.91,45,33,110,36.3,38.21
23,45,1.66,115,1.91,46,17,110,18.7,20.61
24,45,1.66,115,1.91,45,0,110,0,1.91
25,45,1.66,115,1.91,46,47,110,51.7,53.61
26,45,1.66,115,1.91,45,0,110,0,1.91
27,45,1.66,115,1.91,48,61,110,67.1,69.01
28,45,1.66,115,1.91,49,23,110,25.3,27.21
29,45,1.66,115,1.91,45,0,110,0,1.91
30,45,1.66,115,1.91,46,20,110,22,23.91
31,45,1.66,115,1.91,56,100,110,110,111.91
32,45,1.66,115,1.91,53,93,110,102.3,104.21
33,45,1.66,115,1.91,54,93,110,102.3,104.21
34,45,1.66,115,1.91,54,94,110,103.4,105.31
35,45,1.66,115,1.91,55,93,110,102.3,104.21
36,45,1.66,115,1.91,55,93,110,102.3,104.21
37,45,1.66,115,1.91,56,94,110,103.4,105.31
38,45,1.66,115,1.91,49,15,110,16.5,18.41
39,45,1.66,115,1.91,48,0,110,0,1.91
40,45,1.66,115,1.91,48,0,110,0,1.91
41,45,1.66,115,1.91,51,11,110,12.1,14.01
42,45,1.66,115,1.91,48,13,110,14.3,16.21
43,45,1.66,115,1.91,49,35,110,38.5,40.41
44,45,1.66,115,1.91,48,0,110,0,1.91
45,45,1.66,115,1.91,48,0,110,0,1.91
46,45,1.66,115,1.91,51,49,110,53.9,55.81
47,45,1.66,115,1.91,51,54,110,59.4,61.31
48,45,1.66,115,1.91,48,0,110,0,1.91
49,45,1.66,115,1.91,49,30,110,33,34.91
50,45,1.66,115,1.91,49,0,110,0,1.91
51,45,1.66,115,1.91,54,45,110,49.5,51.41
52,45,1.66,115,1.91,48,0,110,0,1.91
53,45,1.66,115,1.91,51,51,110,56.1,58.01
54,45,1.66,115,1.91,55,49,110,53.9,55.81
55,45,1.66,115,1.91,50,48,110,52.8,54.71
56,45,1.66,115,1.91,49,9,110,9.9,11.81
57,45,1.66,115,1.91,49,0,110,0,1.91
58,45,1.66,115,1.91,51,47,110,51.7,53.61
59,45,1.66,115,1.91,50,30,110,33,34.91
60,45,1.66,115,1.91,52,12,110,13.2,15.11
61,45,1.66,115,1.91,51,49,110,53.9,55.81
62,45,1.66,115,1.91,50,14,110,15.4,17.31
63,45,1.66,115,1.91,51,13,110,14.3,16.21
64,45,1.66,115,1.91,50,0,110,0,1.91
65,45,1.66,115,1.91,50,20,110,22,23.91
66,45,1.66,115,1.91,50,0,110,0,1.91
67,45,1.66,115,1.91,54,44,110,48.4,50.31
68,45,1.66,115,1.91,54,13,110,14.3,16.21
69,45,1.66,115,1.91,55,11,110,12.1,14.01
70,45,1.66,115,1.91,58,93,110,102.3,104.21
71,45,1.66,115,1.91,58,94,110,103.4,105.31
72,45,1.66,115,1.91,59,94,110,103.4,105.31
73,45,1.66,115,1.91,59,93,110,102.3,104.21
74,45,1.66,115,1.91,59,93,110,102.3,104.21
75,45,1.66,115,1.91,60,94,110,103.4,105.31
76,45,1.66,115,1.91,60,93,110,102.3,104.21
77,45,1.66,115,1.91,61,94,110,103.4,105.31
78,45,1.66,115,1.91,56,93,110,102.3,104.21
79,45,1.66,115,1.91,53,0,110,0,1.91
80,45,1.66,115,1.91,53,0,110,0,1.91
81,45,1.66,115,1.91,52,1,110,1.1,3.01
82,45,1.66,115,1.91,57,25,110,27.5,29.41
83,45,1.66,115,1.91,57,40,110,44,45.91
84,45,1.66,115,1.91,53,0,110,0,1.91
85,45,1.66,115,1.91,52,0,110,0,1.91
86,45,1.66,115,1.91,54,49,110,53.9,55.81
87,45,1.66,115,1.91,56,48,110,52.8,54.71
88,45,1.66,115,1.91,53,14,110,15.4,17.31
89,45,1.66,115,1.91,53,11,110,12.1,14.01
90,45,1.66,115,1.91,59,49,110,53.9,55.81
91,45,1.66,115,1.91,53,21,110,23.1,25.01
92,45,1.66,115,1.91,53,0,110,0,1.91
93,45,1.66,115,1.91,54,34,110,37.4,39.31
94,45,1.66,115,1.91,56,44,110,48.4,50.31
95,45,1.66,115,1.91,57,54,110,59.4,61.31
96,45,1.66,115,1.91,53,0,110,0,1.91
97,45,1.66,115,1.91,58,49,110,53.9,55.81
98,45,1.66,115,1.91,53,21,110,23.1,25.01
99,45,1.66,115,1.91,58,46,110,50.6,52.51
100,45,1.66,115,1.91,58,41,110,45.1,47.01
101,45,1.66,115,1.91,59,49,110,53.9,55.81
102,45,1.66,115,1.91,55,49,110,53.9,55.81
103,45,1.66,115,1.91,58,55,110,60.5,62.41
104,45,1.66,115,1.91,55,42,110,46.2,48.11
105,45,1.66,115,1.91,53,21,110,23.1,25.01
106,45,1.66,115,1.91,54,28,110,30.8,32.71
107,45,1.66,115,1.91,53,0,110,0,1.91
108,45,1.66,115,1.91,58,50,110,55,56.91
109,45,1.66,115,1.91,55,45,110,49.5,51.41
110,45,1.66,115,1.91,63,100,110,110,111.91
111,45,1.66,115,1.91,61,94,110,103.4,105.31
112,45,1.66,115,1.91,62,93,110,102.3,104.21
113,45,1.66,115,1.91,62,94,110,103.4,105.31
114,45,1.66,115,1.91,62,94,110,103.4,105.31
115,45,1.66,115,1.91,63,93,110,102.3,104.21
116,45,1.66,115,1.91,63,94,110,103.4,105.31
117,45,1.66,115,1.91,63,94,110,103.4,105.31
118,45,1.66,115,1.91,64,93,110,102.3,104.21
119,45,1.66,115,1.91,64,93,110,102.3,104.21
120,45,1.66,115,1.91,64,93,110,102.3,104.21
121,45,1.66,115,1.91,64,50,110,55,56.91
122,45,1.66,115,1.91,57,0,110,0,1.91
123,45,1.66,115,1.91,56,0,110,0,1.91
124,45,1.66,115,1.91,58,18,110,19.8,21.71
125,45,1.66,115,1.91,58,39,110,42.9,44.81
126,45,1.66,115,1.91,57,37,110,40.7,42.61
127,45,1.66,115,1.91,56,0,110,0,1.91
128,45,1.66,115,1.91,55,0,110,0,1.91
129,45,1.66,115,1.91,58,57,110,62.7,64.61
130,45,1.66,115,1.91,58,49,110,53.9,55.81
131,45,1.66,115,1.91,56,5,110,5.5,7.41
132,45,1.66,115,1.91,58,2,110,2.2,4.11
133,45,1.66,115,1.91,57,31,110,34.1,36.01
134,45,1.66,115,1.91,55,21,110,23.1,25.01
135,45,1.66,115,1.91,55,1,110,1.1,3.01
136,45,1.66,115,1.91,59,9,110,9.9,11.81
137,45,1.66,115,1.91,58,40,110,44,45.91
138,45,1.66,115,1.91,61,43,110,47.3,49.21
139,45,1.66,115,1.91,56,0,110,0,1.91
140,45,1.66,115,1.91,55,11,110,12.1,14.01
141,45,1.66,115,1.91,55,0,110,0,1.91
142,45,1.66,115,1.91,62,49,110,53.9,55.81
143,45,1.66,115,1.91,56,9,110,9.9,11.81
144,45,1.66,115,1.91,57,25,110,27.5,29.41
145,45,1.66,115,1.91,61,11,110,12.1,14.01
146,45,1.66,115,1.91,62,27,110,29.7,31.61
147,45,1.66,115,1.91,62,45,110,49.5,51.41
148,45,1.66,115,1.91,56,0,110,0,1.91
149,45,1.66,115,1.91,56,11,110,12.1,14.01
150,45,1.66,115,1.91,56,0,110,0,1.91
151,45,1.66,115,1.91,57,44,110,48.4,50.31
152,45,1.66,115,1.91,58,48,110,52.8,54.71
153,45,1.66,115,1.91,65,50,110,55,56.91
154,45,1.66,115,1.91,64,93,110,102.3,104.21
155,45,1.66,115,1.91,64,93,110,102.3,104.21
156,45,1.66,115,1.91,65,93,110,102.3,104.21
157,45,1.66,115,1.91,65,93,110,102.3,104.21
158,45,1.66,115,1.91,60,49,110,53.9,55.81
159,45,1.66,115,1.91,58,0,110,0,1.91
160,45,1.66,115,1.91,57,0,110,0,1.91
161,45,1.66,115,1.91,57,13,110,14.3,16.21
162,45,1.66,115,1.91,63,39,110,42.9,44.81
163,45,1.66,115,1.91,59,46,110,50.6,52.51
164,45,1.66,115,1.91,57,21,110,23.1,25.01
165,45,1.66,115,1.91,57,0,110,0,1.91
166,45,1.66,115,1.91,60,53,110,58.3,60.21
167,45,1.66,115,1.91,63,50,110,55,56.91
168,45,1.66,115,1.91,57,0,110,0,1.91
169,45,1.66,115,1.91,58,49,110,53.9,55.81
170,45,1.66,115,1.91,57,31,110,34.1,36.01
171,45,1.66,115,1.91,57,0,110,0,1.91
172,45,1.66,115,1.91,57,0,110,0,1.91
173,45,1.66,115,1.91,60,54,110,59.4,61.31
174,45,1.66,115,1.91,62,8,110,8.8,10.71
175,45,1.66,115,1.91,63,49,110,53.9,55.81
176,45,1.66,115,1.91,57,21,110,23.1,25.01
177,45,1.66,115,1.91,57,1,110,1.1,3.01
178,45,1.66,115,1.91,59,49,110,53.9,55.81
179,45,1.66,115,1.91,58,50,110,55,56.91
180,45,1.66,115,1.91,59,9,110,9.9,11.81
181,45,1.66,115,1.91,58,30,110,33,34.91
182,45,1.66,115,1.91,58,16,110,17.6,19.51
183,45,1.66,115,1.91,59,13,110,14.3,16.21
184,45,1.66,115,1.91,57,0,110,0,1.91
185,45,1.66,115,1.91,58,45,110,49.5,51.41
186,45,1.66,115,1.91,57,0,110,0,1.91
187,45,1.66,115,1.91,61,58,110,63.8,65.71
188,45,1.66,115,1.91,58,14,110,15.4,17.31
189,45,1.66,115,1.91,66,3,110,3.3,5.21
190,45,1.66,115,1.91,65,93,110,102.3,104.21
191,45,1.66,115,1.91,66,93,110,102.3,104.21
192,45,1.66,115,1.91,66,93,110,102.3,104.21
193,45,1.66,115,1.91,66,93,110,102.3,104.21
194,45,1.66,115,1.91,67,93,110,102.3,104.21
195,45,1.66,115,1.91,67,94,110,103.4,105.31
196,45,1.66,115,1.91,67,94,110,103.4,105.31
197,45,1.66,115,1.91,67,93,110,102.3,104.21
198,45,1.66,115,1.91,68,94,110,103.4,105.31
199,45,1.66,115,1.91,65,67,110,73.7,75.61
200,45,1.66,115,1.91,60,0,110,0,1.91
201,45,1.66,115,1.91,60,0,110,0,1.91
202,45,1.66,115,1.91,59,0,110,0,1.91
203,45,1.66,115,1.91,60,21,110,23.1,25.01
204,45,1.66,115,1.91,61,53,110,58.3,60.21
205,45,1.66,115,1.91,59,0,110,0,1.91
206,45,1.66,115,1.91,59,0,110,0,1.91
207,45,1.66,115,1.91,63,41,110,45.1,47.01
208,45,1.66,115,1.91,62,49,110,53.9,55.81
209,45,1.66,115,1.91,59,14,110,15.4,17.31
210,45,1.66,115,1.91,59,13,110,14.3,16.21
211,45,1.66,115,1.91,61,49,110,53.9,55.81
212,45,1.66,115,1.91,59,21,110,23.1,25.01
213,45,1.66,115,1.91,59,5,110,5.5,7.41
214,45,1.67,115,1.91,63,33,110,36.3,38.21
215,45,1.67,115,1.91,60,52,110,57.2,59.11
216,45,1.67,115,1.91,63,53,110,58.3,60.21
217,45,1.67,115,1.92,59,3,110,3.3,5.22
218,45,1.67,115,1.92,59,55,110,60.5,62.42
219,45,1.67,115,1.92,59,9,110,9.9,11.82
220,45,1.67,115,1.92,64,36,110,39.6,41.52
221,45,1.67,115,1.92,60,54,110,59.4,61.32
222,45,1.67,115,1.92,63,32,110,35.2,37.12
223,45,1.67,115,1.92,61,53,110,58.3,60.22
224,45,1.67,115,1.92,63,44,110,48.4,50.32
225,45,1.67,115,1.92,59,27,110,29.7,31.62
226,45,1.67,115,1.92,59,0,110,0,1.92
227,45,1.67,115,1.92,59,0,110,0,1.92
228,45,1.67,115,1.92,63,9,110,9.9,11.82
229,45,1.67,115,1.92,59,24,110,26.4,28.32
230,45,1.67,115,1.92,59,7,110,7.7,9.62
231,45,1.67,115,1.92,66,94,110,103.4,105.32
232,45,1.67,115,1.92,67,93,110,102.3,104.22
233,45,1.67,115,1.92,67,94,110,103.4,105.32
234,45,1.67,115,1.92,68,94,110,103.4,105.32
235,45,1.67,115,1.92,68,95,110,104.5,106.42
236,45,1.67,115,1.92,68,94,110,103.4,105.32
237,45,1.67,115,1.92,69,93,110,102.3,104.22
238,45,1.67,115,1.92,69,94,110,103.4,105.32
239,45,1.67,115,1.92,69,94,110,103.4,105.32
240,45,1.67,115,1.92,69,93,110,102.3,104.22
241,45,1.67,115,1.92,70,94,110,103.4,105.32
242,45,1.67,115,1.92,70,94,110,103.4,105.32
243,45,1.67,115,1.92,70,94,110,103.4,105.32
244,45,1.67,115,1.92,70,93,110,102.3,104.22
245,45,1.67,115,1.92,63,30,110,33,34.92
246,45,1.67,115,1.92,62,0,110,0,1.92
247,45,1.67,115,1.92,61,0,110,0,1.92
248,45,1.67,115,1.92,63,11,110,12.1,14.02
249,45,1.67,115,1.92,62,30,110,33,34.92
250,45,1.67,115,1.92,67,50,110,55,56.92
251,45,1.67,115,1.92,61,21,110,23.1,25.02
252,45,1.67,115,1.92,60,21,110,23.1,25.02
253,45,1.67,115,1.92,63,51,110,56.1,58.02
254,45,1.67,115,1.92,63,53,110,58.3,60.22
255,45,1.67,115,1.92,61,0,110,0,1.92
256,45,1.67,115,1.92,61,51,110,56.1,58.02
257,45,1.67,115,1.92,60,0,110,0,1.92
258,45,1.67,115,1.92,64,49,110,53.9,55.82
259,45,1.67,115,1.92,60,0,110,0,1.92
260,45,1.67,115,1.92,61,51,110,56.1,58.02
261,45,1.67,115,1.92,65,30,110,33,34.92
262,45,1.67,115,1.92,61,31,110,34.1,36.02
263,45,1.67,115,1.92,60,0,110,0,1.92
264,45,1.67,115,1.92,60,0,110,0,1.92
265,45,1.67,115,1.92,63,46,110,50.6,52.52
266,45,1.67,115,1.92,63,49,110,53.9,55.82
267,45,1.67,115,1.92,60,13,110,14.3,16.22
268,45,1.67,115,1.92,66,47,110,51.7,53.62
269,45,1.67,115,1.92,64,47,110,51.7,53.62
270,45,1.67,115,1.92,61,30,110,33,34.92
271,45,1.67,115,1.92,60,0,110,0,1.92
272,45,1.67,115,1.92,62,44,110,48.4,50.32
273,45,1.67,115,1.92,60,0,110,0,1.92
274,45,1.67,115,1.92,61,34,110,37.4,39.32
275,45,1.67,115,1.92,60,10,110,11,12.92
276,45,1.67,115,1.92,60,0,110,0,1.92
277,45,1.67,115,1.92,68,94,110,103.4,105.32
278,45,1.67,115,1.92,68,94,110,103.4,105.32
279,45,1.67,115,1.92,69,94,110,103.4,105.32
280,45,1.67,115,1.92,69,94,110,103.4,105.32
281,45,1.67,115,1.92,69,94,110,103.4,105.32
282,45,1.67,115,1.92,70,93,110,102.3,104.22
283,45,1.67,115,1.92,70,93,110,102.3,104.22
284,45,1.67,115,1.92,70,94,110,103.4,105.32
285,45,1.67,115,1.92,71,93,110.47,102.74,104.66
286,45,1.67,115,1.92,71,94,110.47,103.84,105.76
287,45,1.67,115,1.92,71,94,110.47,103.84,105.76
288,45,1.67,115,1.92,71,93,110.47,102.74,104.66
289,45,1.67,115,1.92,71,93,110.47,102.74,104.66
290,45,1.67,115,1.92,71,93,110.47,102.74,104.66
291,45,1.67,115,1.92,71,94,110.47,103.84,105.76
292,45,1.67,115,1.92,72,94,110.94,104.29,106.21
293,45,1.67,115,1.92,64,0,110,0,1.92
294,45,1.67,115,1.92,63,0,110,0,1.92
295,45,1.67,115,1.92,62,0,110,0,1.92
296,45,1.67,115,1.92,63,9,110,9.9,11.82
297,45,1.67,115,1.92,63,30,110,33,34.92
298,45,1.67,115,1.92,63,52,110,57.2,59.12
299,45,1.67,115,1.92,61,21,110,23.1,25.02
300,45,1.67,115,1.92,61,21,110,23.1,25.02
301,45,1.67,115,1.92,63,49,110,53.9,55.82
302,45,1.67,115,1.92,63,49,110,53.9,55.82
303,45,1.67,115,1.92,61,0,110,0,1.92
304,45,1.67,115,1.92,61,30,110,33,34.92
305,45,1.67,115,1.92,60,0,110,0,1.92
306,45,1.67,115,1.92,62,54,110,59.4,61.32
307,45,1.67,115,1.92,61,0,110,0,1.92
308,45,1.67,115,1.92,66,48,110,52.8,54.72
309,45,1.67,115,1.92,66,54,110,59.4,61.32
310,45,1.67,115,1.92,60,1,110,1.1,3.02
311,45,1.67,115,1.92,60,16,110,17.6,19.52
312,45,1.67,115,1.92,60,0,110,0,1.92
313,45,1.67,115,1.92,63,41,110,45.1,47.02
314,45,1.67,115,1.92,61,16,110,17.6,19.52
315,45,1.67,115,1.92,61,14,110,15.4,17.32
316,45,1.67,115,1.92,66,49,110,53.9,55.82
317,45,1.67,115,1.92,63,47,110,51.7,53.62
318,45,1.67,115,1.92,61,39,110,42.9,44.82
319,45,1.67,115,1.92,60,0,110,0,1.92
320,45,1.67,115,1.92,66,50,110,55,56.92
321,45,1.67,115,1.92,60,0,110,0,1.92
322,45,1.67,115,1.92,61,31,110,34.1,36.02
323,45,1.67,115,1.92,60,4,110,4.4,6.32
324,45,1.67,115,1.92,60,0,110,0,1.92
325,45,1.67,115,1.92,68,94,110,103.4,105.32
326,45,1.67,115,1.92,69,94,110,103.4,105.32
327,45,1.67,115,1.92,69,93,110,102.3,104.22
328,45,1.67,115,1.92,69,93,110,102.3,104.22
329,45,1.67,115,1.92,69,93,110,102.3,104.22
330,45,1.67,115,1.92,70,94,110,103.4,105.32
331,45,1.67,115,1.92,70,93,110,102.3,104.22
332,45,1.67,115,1.92,71,94,110.47,103.84,105.76
333,45,1.67,115,1.92,71,93,110.47,102.74,104.66
334,45,1.67,115,1.92,71,94,110.47,103.84,105.76
335,45,1.67,115,1.92,71,93,110.47,102.74,104.66
336,45,1.67,115,1.92,71,93,110.47,102.74,104.66
337,45,1.67,115,1.92,71,93,110.47,102.74,104.66
338,45,1.67,115,1.92,72,93,110.94,103.18,105.1
339,45,1.67,115,1.92,72,93,110.94,103.18,105.1
340,45,1.67,115,1.92,64,17,110,18.7,20.62
341,45,1.67,115,1.92,63,0,110,0,1.92
342,45,1.67,115,1.92,62,0,110,0,1.92
343,45,1.67,115,1.92,63,56,110,61.6,63.52
344,45,1.67,115,1.92,65,48,110,52.8,54.72
345,45,1.67,115,1.92,62,0,110,0,1.92
346,45,1.67,115,1.92,61,10,110,11,12.92
347,45,1.67,115,1.92,65,35,110,38.5,40.42
348,45,1.67,115,1.92,66,41,110,45.1,47.02
349,45,1.67,115,1.92,67,49,110,53.9,55.82
350,45,1.67,115,1.92,60,0,110,0,1.92
351,45,1.67,115,1.92,61,30,110,33,34.92
352,45,1.67,115,1.92,60,0,110,0,1.92
353,45,1.67,115,1.92,61,38,110,41.8,43.72
354,45,1.67,115,1.92,60,0,110,0,1.92
355,45,1.67,115,1.92,61,65,110,71.5,73.42
356,45,1.67,115,1.92,66,20,110,22,23.92
357,45,1.67,115,1.92,61,50,110,55,56.92
358,45,1.67,115,1.92,59,20,110,22,23.92
359,45,1.67,115,1.92,59,1,110,1.1,3.02
360,45,1.67,115,1.92,65,49,110,53.9,55.82
361,45,1.67,115,1.92,60,55,110,60.5,62.42
362,45,1.67,115,1.92,59,28,110,30.8,32.72
363,45,1.67,115,1.92,65,49,110,53.9,55.82
364,45,1.67,115,1.92,59,30,110,33,34.92
365,45,1.67,115,1.92,61,38,110,41.8,43.72
366,45,1.67,115,1.92,58,0,110,0,1.92
367,45,1.67,115,1.92,59,41,110,45.1,47.02
368,45,1.67,115,1.92,58,0,110,0,1.92
369,45,1.67,115,1.92,62,55,110,60.5,62.42
370,45,1.67,115,1.92,63,34,110,37.4,39.32
371,45,1.67,115,1.92,67,16,110,17.6,19.52
372,45,1.67,115,1.92,66,93,110,102.3,104.22
373,45,1.67,115,1.92,66,94,110,103.4,105.32
374,45,1.67,115,1.92,66,93,110,102.3,104.22
375,45,1.67,115,1.92,67,94,110,103.4,105.32
376,45,1.67,115,1.92,67,92,110,101.2,103.12
377,45,1.67,115,1.92,67,93,110,102.3,104.22
378,45,1.67,115,1.92,67,93,110,102.3,104.22
379,45,1.67,115,1.92,67,94,110,103.4,105.32
380,45,1.67,115,1.92,67,94,110,103.4,105.32
381,45,1.67,115,1.92,68,94,110,103.4,105.32
382,45,1.67,115,1.92,68,93,110,102.3,104.22
383,45,1.67,115,1.92,68,93,110,102.3,104.22
384,45,1.67,115,1.92,68,93,110,102.3,104.22
385,45,1.67,115,1.92,68,94,110,103.4,105.32
386,45,1.67,115,1.92,68,93,110,102.3,104.22
387,45,1.67,115,1.92,69,93,110,102.3,104.22
388,45,1.67,115,1.92,69,94,110,103.4,105.32
389,45,1.67,115,1.92,69,93,110,102.3,104.22
390,45,1.67,115,1.92,69,94,110,103.4,105.32
391,45,1.67,115,1.92,69,94,110,103.4,105.32
392,45,1.67,115,1.92,69,94,110,103.4,105.32
393,45,1.67,115,1.92,69,94,110,103.4,105.32
394,45,1.67,115,1.92,69,94,110,103.4,105.32
395,45,1.67,115,1.92,62,16,110,17.6,19.52
396,45,1.67,115,1.92,61,0,110,0,1.92
397,45,1.67,115,1.92,60,0,110,0,1.92
398,45,1.67,115,1.92,63,40,110,44,45.92
399,45,1.67,115,1.92,65,31,110,34.1,36.02
400,45,1.67,115,1.92,60,12,110,13.2,15.12
401,45,1.67,115,1.92,59,0,110,0,1.92
402,45,1.67,115,1.92,59,21,110,23.1,25.02
403,45,1.67,115,1.92,64,54,110,59.4,61.32
404,45,1.67,115,1.92,62,43,110,47.3,49.22
405,45,1.67,115,1.92,59,21,110,23.1,25.02
406,45,1.67,115,1.92,59,11,110,12.1,14.02
407,45,1.67,115,1.92,58,0,110,0,1.92
408,45,1.67,115,1.92,59,15,110,16.5,18.42
409,45,1.67,115,1.92,58,21,110,23.1,25.02
410,45,1.67,115,1.92,63,47,110,51.7,53.62
411,45,1.67,115,1.92,61,45,110,49.5,51.42
412,45,1.67,115,1.92,58,0,110,0,1.92
413,45,1.67,115,1.92,58,9,110,9.9,11.82
414,45,1.67,115,1.92,57,0,110,0,1.92
415,45,1.67,115,1.92,61,56,110,61.6,63.52
416,45,1.67,115,1.92,58,11,110,12.1,14.02
417,45,1.67,115,1.92,63,47,110,51.7,53.62
418,45,1.67,115,1.92,59,11,110,12.1,14.02
419,45,1.67,115,1.92,63,53,110,58.3,60.22
420,45,1.67,115,1.92,62,49,110,53.9,55.82
421,45,1.67,115,1.92,57,21,110,23.1,25.02
422,45,1.67,115,1.92,59,45,110,49.5,51.42
423,45,1.67,115,1.92,57,21,110,23.1,25.02
424,45,1.67,115,1.92,58,39,110,42.9,44.82
425,45,1.67,115,1.92,60,47,110,51.7,53.62
426,45,1.67,115,1.92,66,100,110,110,111.92
427,45,1.67,115,1.92,65,93,110,102.3,104.22
428,45,1.67,115,1.92,65,94,110,103.4,105.32
429,45,1.67,115,1.92,65,93,110,102.3,104.22
430,45,1.67,115,1.92,65,92,110,101.2,103.12
431,45,1.67,115,1.92,66,93,110,102.3,104.22
432,45,1.67,115,1.92,66,94,110,103.4,105.32
433,45,1.67,115,1.92,66,93,110,102.3,104.22
434,45,1.67,115,1.92,66,94,110,103.4,105.32
435,45,1.67,115,1.92,66,93,110,102.3,104.22
436,45,1.67,115,1.92,67,94,110,103.4,105.32
437,45,1.67,115,1.92,67,94,110,103.4,105.32
438,45,1.67,115,1.92,67,93,110,102.3,104.22
439,45,1.67,115,1.92,67,93,110,102.3,104.22
440,45,1.67,115,1.92,67,94,110,103.4,105.32
441,45,1.67,115,1.92,60,1,110,1.1,3.02
442,45,1.67,115,1.92,59,0,110,0,1.92
443,45,1.67,115,1.92,58,0,110,0,1.92
444,45,1.67,115,1.92,59,15,110,16.5,18.42
445,45,1.67,115,1.92,62,31,110,34.1,36.02
446,45,1.67,115,1.92,59,47,110,51.7,53.62
447,45,1.67,115,1.92,58,9,110,9.9,11.82
448,45,1.67,115,1.93,57,21,110,23.1,25.03
449,45,1.67,115,1.93,63,49,110,53.9,55.83
450,45,1.67,115,1.93,60,49,110,53.9,55.83
451,45,1.67,115,1.93,57,0,110,0,1.93
452,45,1.67,115,1.93,58,30,110,33,34.93
453,45,1.67,115,1.93,57,0,110,0,1.93
454,45,1.67,115,1.93,59,48,110,52.8,54.73
455,45,1.67,115,1.93,57,0,110,0,1.93
456,45,1.67,115,1.93,63,61,110,67.1,69.03
457,45,1.67,115,1.93,59,39,110,42.9,44.83
458,45,1.67,115,1.93,58,49,110,53.9,55.83
459,45,1.67,115,1.93,56,0,110,0,1.93
460,45,1.67,115,1.93,56,0,110,0,1.93
461,45,1.67,115,1.93,58,33,110,36.3,38.23
462,45,1.67,115,1.93,57,30,110,33,34.93
463,45,1.67,115,1.93,60,13,110,14.3,16.23
464,45,1.67,115,1.93,62,55,110,60.5,62.43
465,45,1.67,115,1.93,59,55,110,60.5,62.43
466,45,1.67,115,1.93,57,29,110,31.9,33.83
467,45,1.68,115,1.93,56,0,110,0,1.93
468,45,1.68,115,1.93,58,55,110,60.5,62.43
469,45,1.68,115,1.93,56,0,110,0,1.93
470,45,1.68,115,1.93,57,50,110,55,56.93
471,45,1.68,115,1.93,56,13,110,14.3,16.23
472,45,1.68,115,1.93,56,0,110,0,1.93
473,45,1.68,115,1.93,64,93,110,102.3,104.23
474,45,1.68,115,1.93,64,93,110,102.3,104.23
475,45,1.68,115,1.93,64,94,110,103.4,105.33
476,45,1.68,115,1.93,64,94,110,103.4,105.33
477,45,1.68,115,1.93,65,94,110,103.4,105.33
478,45,1.68,115,1.93,65,93,110,102.3,104.23
479,45,1.68,115,1.93,65,93,110,102.3,104.23
480,45,1.68,115,1.93,65,93,110,102.3,104.23
481,45,1.68,115,1.93,65,93,110,102.3,104.23
482,45,1.68,115,1.93,66,93,110,102.3,104.23
483,45,1.68,115,1.93,58,0,110,0,1.93
484,45,1.68,115,1.93,57,0,110,0,1.93
485,45,1.68,115,1.93,57,0,110,0,1.93
486,45,1.68,115,1.93,59,58,110,63.8,65.73
487,45,1.68,115,1.93,58,46,110,50.6,52.53
488,45,1.68,115,1.93,57,0,110,0,1.93
489,45,1.68,115,1.93,56,0,110,0,1.93
490,45,1.68,115,1.93,57,9,110,9.9,11.83
491,45,1.68,115,1.93,58,46,110,50.6,52.53
492,45,1.68,115,1.93,57,55,110,60.5,62.43
493,45,1.68,115,1.93,56,0,110,0,1.93
494,45,1.68,115,1.93,56,4,110,4.4,6.33
495,45,1.68,115,1.93,56,0,110,0,1.93
496,45,1.68,115,1.93,56,30,110,33,34.93
497,45,1.68,115,1.93,55,10,110,11,12.93
498,45,1.68,115,1.93,60,45,110,49.5,51.43
499,45,1.68,115,1.93,58,50,110,55,56.93
500,45,1.68,115,1.93,56,0,110,0,1.93
501,45,1.68,115,1.93,56,9,110,9.9,11.83
502,45,1.68,115,1.93,55,0,110,0,1.93
503,45,1.68,115,1.93,60,51,110,56.1,58.03
504,45,1.68,115,1.93,55,11,110,12.1,14.03
505,45,1.68,115,1.93,61,62,110,68.2,70.13
506,45,1.68,115,1.93,55,15,110,16.5,18.43
507,45,1.68,115,1.93,57,32,110,35.2,37.13
508,45,1.68,115,1.93,61,52,110,57.2,59.13
509,45,1.68,115,1.93,55,14,110,15.4,17.33
510,45,1.68,115,1.93,57,48,110,52.8,54.73
511,45,1.68,115,1.93,55,21,110,23.1,25.03
512,45,1.68,115,1.93,56,25,110,27.5,29.43
513,45,1.68,115,1.93,57,45,110,49.5,51.43
514,45,1.68,115,1.93,65,100,110,110,111.93
515,45,1.68,115,1.93,63,93,110,102.3,104.23
516,45,1.68,115,1.93,63,94,110,103.4,105.33
517,45,1.68,115,1.93,63,93,110,102.3,104.23
518,45,1.68,115,1.93,64,94,110,103.4,105.33
519,45,1.68,115,1.93,64,94,110,103.4,105.33
520,45,1.68,115,1.93,64,94,110,103.4,105.33
521,45,1.68,115,1.93,64,93,110,102.3,104.23
522,45,1.68,115,1.93,65,94,110,103.4,105.33
523,45,1.68,115,1.93,65,94,110,103.4,105.33
524,45,1.68,115,1.93,65,93,110,102.3,104.23
525,45,1.68,115,1.93,65,94,110,103.4,105.33
526,45,1.68,115,1.93,65,94,110,103.4,105.33
527,45,1.68,115,1.93,65,94,110,103.4,105.33
528,45,1.68,115,1.93,58,16,110,17.6,19.53
529,45,1.68,115,1.93,57,0,110,0,1.93
530,45,1.68,115,1.93,57,0,110,0,1.93
531,45,1.68,115,1.93,58,46,110,50.6,52.53
532,45,1.68,115,1.93,61,49,110,53.9,55.83
533,45,1.68,115,1.93,57,0,110,0,1.93
534,45,1.68,115,1.93,56,10,110,11,12.93
535,45,1.68,115,1.93,57,35,110,38.5,40.43
536,45,1.68,115,1.93,62,65,110,71.5,73.43
537,45,1.68,115,1.93,56,17,110,18.7,20.63
538,45,1.68,115,1.93,56,0,110,0,1.93
539,45,1.68,115,1.93,59,18,110,19.8,21.73
540,45,1.68,115,1.93,56,0,110,0,1.93
541,45,1.68,115,1.93,55,9,110,9.9,11.83
542,45,1.68,115,1.93,55,0,110,0,1.93
543,45,1.68,115,1.93,61,43,110,47.3,49.23
544,45,1.68,115,1.93,60,54,110,59.4,61.33
545,45,1.68,115,1.93,55,0,110,0,1.93
546,45,1.68,115,1.93,57,51,110,56.1,58.03
547,45,1.68,115,1.93,55,21,110,23.1,25.03
548,45,1.68,115,1.93,60,39,110,42.9,44.83
549,45,1.68,115,1.93,59,49,110,53.9,55.83
550,45,1.68,115,1.93,60,43,110,47.3,49.23
551,45,1.68,115,1.93,60,48,110,52.8,54.73
552,45,1.68,115,1.93,57,49,110,53.9,55.83
553,45,1.68,115,1.93,55,47,110,51.7,53.63
554,45,1.68,115,1.93,55,21,110,23.1,25.03
555,45,1.68,115,1.93,55,29,110,31.9,33.83
556,45,1.68,115,1.93,54,0,110,0,1.93
557,45,1.68,115,1.93,55,11,110,12.1,14.03
558,45,1.68,115,1.93,55,14,110,15.4,17.33
559,45,1.68,115,1.93,62,94,110,103.4,105.33
560,45,1.68,115,1.93,62,93,110,102.3,104.23
561,45,1.68,115,1.93,63,93,110,102.3,104.23
562,45,1.68,115,1.93,63,93,110,102.3,104.23
563,45,1.68,115,1.93,64,94,110,103.4,105.33
564,45,1.68,115,1.93,64,94,110,103.4,105.33
565,45,1.68,115,1.93,64,93,110,102.3,104.23
566,45,1.68,115,1.93,64,92,110,101.2,103.13
567,45,1.68,115,1.93,64,94,110,103.4,105.33
568,45,1.68,115,1.93,65,95,110,104.5,106.43
569,45,1.68,115,1.93,65,93,110,102.3,104.23
570,45,1.68,115,1.93,64,46,110,50.6,52.53
571,45,1.68,115,1.93,57,0,110,0,1.93
572,45,1.68,115,1.93,56,0,110,0,1.93
573,45,1.68,115,1.93,56,23,110,25.3,27.23
574,45,1.68,115,1.93,59,55,110,60.5,62.43
575,45,1.68,115,1.93,62,49,110,53.9,55.83
576,45,1.68,115,1.93,56,21,110,23.1,25.03
577,45,1.68,115,1.93,55,21,110,23.1,25.03
578,45,1.68,115,1.93,58,30,110,33,34.93
579,45,1.68,115,1.93,61,46,110,50.6,52.53
580,45,1.68,115,1.93,55,0,110,0,1.93
581,45,1.68,115,1.93,56,35,110,38.5,40.43
582,45,1.68,115,1.93,55,0,110,0,1.93
583,45,1.68,115,1.93,57,39,110,42.9,44.83
584,45,1.68,115,1.93,55,0,110,0,1.93
585,45,1.68,115,1.93,56,59,110,64.9,66.83
586,45,1.68,115,1.93,60,30,110,33,34.93
587,45,1.68,115,1.93,56,31,110,34.1,36.03
588,45,1.68,115,1.93,55,1,110,1.1,3.03
589,45,1.68,115,1.93,55,0,110,0,1.93
590,45,1.68,115,1.93,56,22,110,24.2,26.13
591,45,1.68,115,1.93,56,32,110,35.2,37.13
592,45,1.68,115,1.93,56,9,110,9.9,11.83
593,45,1.68,115,1.93,56,64,110,70.4,72.33
594,45,1.68,115,1.93,56,50,110,55,56.93
595,45,1.68,115,1.93,56,52,110,57.2,59.13
596,45,1.68,115,1.93,55,11,110,12.1,14.03
597,45,1.68,115,1.93,57,34,110,37.4,39.33
598,45,1.68,115,1.93,54,0,110,0,1.93
599,45,1.68,115,1.93,58,9,110,9.9,11.83
600,45,1.68,115,1.93,54,10,110,11,12.93
601,45,1.68,115,1.93,54,11,110,12.1,14.03
602,45,1.68,115,1.93,62,94,110,103.4,105.33
603,45,1.68,115,1.93,62,94,110,103.4,105.33
604,45,1.68,115,1.93,63,93,110,102.3,104.23
605,45,1.68,115,1.93,63,93,110,102.3,104.23
606,45,1.68,115,1.93,63,94,110,103.4,105.33
607,45,1.68,115,1.93,63,94,110,103.4,105.33
608,45,1.68,115,1.93,64,94,110,103.4,105.33
609,45,1.68,115,1.93,64,94,110,103.4,105.33
610,45,1.68,115,1.93,64,93,110,102.3,104.23
611,45,1.68,115,1.93,64,94,110,103.4,105.33
612,45,1.68,115,1.93,64,94,110,103.4,105.33
613,45,1.68,115,1.93,64,94,110,103.4,105.33
614,45,1.68,115,1.93,57,16,110,17.6,19.53
615,45,1.68,115,1.93,57,0,110,0,1.93
616,45,1.68,115,1.93,56,0,110,0,1.93
617,45,1.68,115,1.93,58,39,110,42.9,44.83
618,45,1.68,115,1.93,58,24,110,26.4,28.33
619,45,1.68,115,1.93,56,0,110,0,1.93
620,45,1.68,115,1.93,55,10,110,11,12.93
621,45,1.68,115,1.93,59,0,110,0,1.93
622,45,1.68,115,1.93,57,57,110,62.7,64.63
623,45,1.68,115,1.93,57,47,110,51.7,53.63
624,45,1.68,115,1.93,55,0,110,0,1.93
625,45,1.68,115,1.93,55,11,110,12.1,14.03
626,45,1.68,115,1.93,55,0,110,0,1.93
627,45,1.68,115,1.93,55,30,110,33,34.93
628,45,1.68,115,1.93,54,21,110,23.1,25.03
629,45,1.68,115,1.93,60,47,110,51.7,53.63
630,45,1.68,115,1.93,57,47,110,51.7,53.63
631,45,1.68,115,1.93,55,1,110,1.1,3.03
632,45,1.68,115,1.93,54,9,110,9.9,11.83
633,45,1.68,115,1.93,54,0,110,0,1.93
634,45,1.68,115,1.93,59,49,110,53.9,55.83
635,45,1.68,115,1.93,55,8,110,8.8,10.73
636,45,1.68,115,1.93,57,32,110,35.2,37.13
637,45,1.68,115,1.93,59,32,110,35.2,37.13
638,45,1.68,115,1.93,59,49,110,53.9,55.83
639,45,1.68,115,1.93,57,50,110,55,56.93
640,45,1.68,115,1.93,54,0,110,0,1.93
641,45,1.68,115,1.93,60,34,110,37.4,39.33
642,45,1.68,115,1.93,54,0,110,0,1.93
643,45,1.68,115,1.93,59,49,110,53.9,55.83
644,45,1.68,115,1.93,54,10,110,11,12.93
645,45,1.68,115,1.93,54,30,110,33,34.93
646,45,1.68,115,1.93,62,94,110,103.4,105.33
647,45,1.68,115,1.93,62,93,110,102.3,104.23
648,45,1.68,115,1.93,62,93,110,102.3,104.23
649,45,1.68,115,1.93,62,93,110,102.3,104.23
650,45,1.68,115,1.93,63,93,110,102.3,104.23
651,45,1.68,115,1.93,63,93,110,102.3,104.23
652,45,1.68,115,1.93,63,93,110,102.3,104.23
653,45,1.68,115,1.93,63,94,110,103.4,105.33
654,45,1.68,115,1.93,64,94,110,103.4,105.33
655,45,1.68,115,1.93,64,94,110,103.4,105.33
656,45,1.68,115,1.93,64,94,110,103.4,105.33
657,45,1.68,115,1.93,64,93,110,102.3,104.23
658,45,1.68,115,1.93,64,94,110,103.4,105.33
659,45,1.68,115,1.94,65,93,110,102.3,104.24
660,45,1.68,115,1.94,65,92,110,101.2,103.14
661,45,1.68,115,1.94,57,16,110,17.6,19.54
662,45,1.68,115,1.94,57,0,110,0,1.94
663,45,1.68,115,1.94,56,0,110,0,1.94
664,45,1.68,115,1.94,57,20,110,22,23.94
665,45,1.68,115,1.94,60,42,110,46.2,48.14
666,45,1.68,115,1.94,56,0,110,0,1.94
667,45,1.68,115,1.94,55,0,110,0,1.94
668,45,1.68,115,1.94,58,54,110,59.4,61.34
669,45,1.68,115,1.94,56,28,110,30.8,32.74
670,45,1.68,115,1.94,56,9,110,9.9,11.84
671,45,1.68,115,1.94,55,21,110,23.1,25.04
672,45,1.68,115,1.94,57,8,110,8.8,10.74
673,45,1.68,115,1.94,55,0,110,0,1.94
674,45,1.68,115,1.94,55,14,110,15.4,17.34
675,45,1.68,115,1.94,54,0,110,0,1.94
676,45,1.68,115,1.94,58,49,110,53.9,55.84
677,45,1.68,115,1.94,61,38,110,41.8,43.74
678,45,1.68,115,1.94,55,31,110,34.1,36.04
679,45,1.68,115,1.94,54,0,110,0,1.94
680,45,1.68,115,1.94,54,0,110,0,1.94
681,45,1.68,115,1.94,59,49,110,53.9,55.84
682,45,1.68,115,1.94,54,11,110,12.1,14.04
683,45,1.68,115,1.94,60,46,110,50.6,52.54
684,45,1.68,115,1.94,55,11,110,12.1,14.04
685,45,1.68,115,1.94,60,31,110,34.1,36.04
686,45,1.68,115,1.94,57,49,110,53.9,55.84
687,45,1.68,115,1.94,54,21,110,23.1,25.04
688,45,1.68,115,1.94,60,33,110,36.3,38.24
689,45,1.68,115,1.94,54,0,110,0,1.94
690,45,1.68,115,1.94,56,49,110,53.9,55.84
691,45,1.68,115,1.94,58,54,110,59.4,61.34
692,45,1.68,115,1.94,62,97,110,106.7,108.64
693,45,1.68,115,1.94,62,93,110,102.3,104.24
694,45,1.68,115,1.94,62,92,110,101.2,103.14
695,45,1.68,115,1.94,62,94,110,103.4,105.34
696,45,1.68,115,1.94,63,94,110,103.4,105.34
697,45,1.68,115,1.94,63,94,110,103.4,105.34
698,45,1.68,115,1.94,64,94,110,103.4,105.34
699,45,1.68,115,1.94,64,93,110,102.3,104.24
700,45,1.68,115,1.94,64,93,110,102.3,104.24
701,45,1.68,115,1.94,64,93,110,102.3,104.24
702,45,1.68,115,1.94,64,94,110,103.4,105.34
703,45,1.68,115,1.94,64,93,110,102.3,104.24
704,45,1.68,115,1.94,65,94,110,103.4,105.34
705,45,1.68,115,1.94,65,93,110,102.3,104.24
706,45,1.68,115,1.94,65,93,110,102.3,104.24
707,45,1.68,115,1.94,65,94,110,103.4,105.34
708,45,1.68,115,1.94,65,93,110,102.3,104.24
709,45,1.68,115,1.94,65,94,110,103.4,105.34
710,45,1.68,115,1.94,65,93,110,102.3,104.24
711,45,1.68,115,1.94,59,55,110,60.5,62.44
712,45,1.68,115,1.94,58,0,110,0,1.94
713,45,1.68,115,1.94,57,0,110,0,1.94
714,45,1.68,115,1.94,56,12,110,13.2,15.14
715,45,1.68,115,1.94,58,30,110,33,34.94
716,45,1.68,115,1.94,62,25,110,27.5,29.44
717,45,1.68,115,1.94,56,2,110,2.2,4.14
718,45,1.68,115,1.94,56,12,110,13.2,15.14
719,45,1.68,115,1.94,56,42,110,46.2,48.14
720,45,1.68,115,1.94,58,47,110,51.7,53.64
721,45,1.69,115,1.94,56,0,110,0,1.94
722,45,1.69,115,1.94,59,45,110,49.5,51.44
723,45,1.69,115,1.94,56,0,110,0,1.94
724,45,1.69,115,1.94,56,12,110,13.2,15.14
725,45,1.69,115,1.94,55,0,110,0,1.94
726,45,1.69,115,1.94,56,39,110,42.9,44.84
727,45,1.69,115,1.94,55,17,110,18.7,20.64
728,45,1.69,115,1.94,60,41,110,45.1,47.04
729,45,1.69,115,1.94,55,15,110,16.5,18.44
730,45,1.69,115,1.94,55,37,110,40.7,42.64
731,45,1.69,115,1.94,60,17,110,18.7,20.64
732,45,1.69,115,1.94,57,54,110,59.4,61.34
733,45,1.69,115,1.94,55,20,110,22,23.94
734,45,1.69,115,1.94,57,62,110,68.2,70.14
735,45,1.69,115,1.94,58,48,110,52.8,54.74
736,45,1.69,115,1.94,55,16,110,17.6,19.54
737,45,1.69,115,1.94,55,0,110,0,1.94
738,45,1.69,115,1.94,59,44,110,48.4,50.34
739,45,1.69,115,1.94,54,0,110,0,1.94
740,45,1.69,115,1.94,59,50,110,55,56.94
741,45,1.69,115,1.94,54,11,110,12.1,14.04
742,45,1.69,115,1.94,54,0,110,0,1.94
743,45,1.69,115,1.94,62,94,110,103.4,105.34
744,45,1.69,115,1.94,63,93,110,102.3,104.24
745,45,1.69,115,1.94,62,93,110,102.3,104.24
746,45,1.69,115,1.94,63,93,110,102.3,104.24
747,45,1.69,115,1.94,63,93,110,102.3,104.24
748,45,1.69,115,1.94,63,94,110,103.4,105.34
749,45,1.69,115,1.94,63,94,110,103.4,105.34
750,45,1.69,115,1.94,64,93,110,102.3,104.24
751,45,1.69,115,1.94,64,93,110,102.3,104.24
752,45,1.69,115,1.94,62,69,110,75.9,77.84
753,45,1.69,115,1.94,56,0,110,0,1.94
754,45,1.69,115,1.94,55,0,110,0,1.94
755,45,1.69,115,1.94,55,18,110,19.8,21.74
756,45,1.69,115,1.94,61,51,110,56.1,58.04
757,45,1.69,115,1.94,58,23,110,25.3,27.24
758,45,1.69,115,1.94,55,0,110,0,1.94
759,45,1.69,115,1.94,54,0,110,0,1.94
760,45,1.69,115,1.94,57,51,110,56.1,58.04
761,45,1.69,115,1.94,57,44,110,48.4,50.34
762,45,1.69,115,1.94,55,14,110,15.4,17.34
763,45,1.69,115,1.94,54,5,110,5.5,7.44
764,45,1.69,115,1.94,57,11,110,12.1,14.04
765,45,1.69,115,1.94,54,21,110,23.1,25.04
766,45,1.69,115,1.94,54,5,110,5.5,7.44
767,45,1.69,115,1.94,59,0,110,0,1.94
768,45,1.69,115,1.94,56,49,110,53.9,55.84
769,45,1.69,115,1.94,58,47,110,51.7,53.64
770,45,1.69,115,1.94,54,0,110,0,1.94
771,45,1.69,115,1.94,54,8,110,8.8,10.74
772,45,1.69,115,1.94,54,0,110,0,1.94
773,45,1.69,115,1.94,56,56,110,61.6,63.54
774,45,1.69,115,1.94,54,13,110,14.3,16.24
775,45,1.69,115,1.94,58,39,110,42.9,44.84
776,45,1.69,115,1.94,56,48,110,52.8,54.74
777,45,1.69,115,1.94,54,9,110,9.9,11.84
778,45,1.69,115,1.94,58,19,110,20.9,22.84
779,45,1.69,115,1.94,54,0,110,0,1.94
780,45,1.69,115,1.94,54,12,110,13.2,15.14
781,45,1.69,115,1.94,54,0,110,0,1.94
782,45,1.69,115,1.94,59,49,110,53.9,55.84
783,45,1.69,115,1.94,57,13,110,14.3,16.24
784,45,1.69,115,1.94,62,64,110,70.4,72.34
785,45,1.69,115,1.94,61,93,110,102.3,104.24
786,45,1.69,115,1.94,62,93,110,102.3,104.24
787,45,1.69,115,1.94,62,94,110,103.4,105.34
788,45,1.69,115,1.94,62,93,110,102.3,104.24
789,45,1.69,115,1.94,63,94,110,103.4,105.34
790,45,1.69,115,1.94,63,94,110,103.4,105.34
791,45,1.69,115,1.94,63,94,110,103.4,105.34
792,45,1.69,115,1.94,63,94,110,103.4,105.34
793,45,1.69,115,1.94,64,93,110,102.3,104.24
794,45,1.69,115,1.94,64,94,110,103.4,105.34
795,45,1.69,115,1.94,64,93,110,102.3,104.24
796,45,1.69,115,1.94,64,93,110,102.3,104.24
797,45,1.69,115,1.94,64,95,110,104.5,106.44
798,45,1.69,115,1.94,63,51,110,56.1,58.04
799,45,1.69,115,1.94,57,0,110,0,1.94
800,45,1.69,115,1.94,56,0,110,0,1.94
801,45,1.69,115,1.94,56,30,110,33,34.94
802,45,1.69,115,1.94,61,47,110,51.7,53.64
803,45,1.69,115,1.94,58,47,110,51.7,53.64
804,45,1.69,115,1.94,56,0,110,0,1.94
805,45,1.69,115,1.94,55,0,110,0,1.94
806,45,1.69,115,1.94,56,59,110,64.9,66.84
807,45,1.69,115,1.94,57,43,110,47.3,49.24
808,45,1.69,115,1.94,55,0,110,0,1.94
809,45,1.69,115,1.94,57,29,110,31.9,33.84
810,45,1.69,115,1.94,55,30,110,33,34.94
811,45,1.69,115,1.94,54,0,110,0,1.94
812,45,1.69,115,1.94,54,0,110,0,1.94
813,45,1.69,115,1.94,56,46,110,50.6,52.54
814,45,1.69,115,1.94,55,31,110,34.1,36.04
815,45,1.69,115,1.94,59,51,110,56.1,58.04
816,45,1.69,115,1.94,54,0,110,0,1.94
817,45,1.69,115,1.94,55,47,110,51.7,53.64
818,45,1.69,115,1.94,54,21,110,23.1,25.04
819,45,1.69,115,1.94,56,44,110,48.4,50.34
820,45,1.69,115,1.94,59,33,110,36.3,38.24
821,45,1.69,115,1.94,56,49,110,53.9,55.84
822,45,1.69,115,1.94,56,54,110,59.4,61.34
823,45,1.69,115,1.94,61,51,110,56.1,58.04
824,45,1.69,115,1.94,55,18,110,19.8,21.74
825,45,1.69,115,1.94,54,3,110,3.3,5.24
826,45,1.69,115,1.94,54,34,110,37.4,39.34
827,45,1.69,115,1.94,54,0,110,0,1.94
828,45,1.69,115,1.94,54,9,110,9.9,11.84
829,45,1.69,115,1.94,55,48,110,52.8,54.74
830,45,1.69,115,1.94,61,94,110,103.4,105.34
831,45,1.69,115,1.94,62,93,110,102.3,104.24
832,45,1.69,115,1.94,62,93,110,102.3,104.24
833,45,1.69,115,1.94,62,94,110,103.4,105.34
834,45,1.69,115,1.94,63,93,110,102.3,104.24
835,45,1.69,115,1.94,63,93,110,102.3,104.24
836,45,1.69,115,1.94,63,94,110,103.4,105.34
837,45,1.69,115,1.94,56,8,110,8.8,10.74
838,45,1.69,115,1.94,55,0,110,0,1.94
839,45,1.69,115,1.94,54,0,110,0,1.94
840,45,1.69,115,1.94,55,34,110,37.4,39.34
841,45,1.69,115,1.94,60,29,110,31.9,33.84
842,45,1.69,115,1.94,55,0,110,0,1.94
843,45,1.69,115,1.94,54,0,110,0,1.94
844,45,1.69,115,1.94,58,19,110,20.9,22.84
845,45,1.69,115,1.94,58,59,110,64.9,66.84
846,45,1.69,115,1.94,55,13,110,14.3,16.24
847,45,1.69,115,1.94,54,21,110,23.1,25.04
848,45,1.69,115,1.94,55,8,110,8.8,10.74
849,45,1.69,115,1.94,54,21,110,23.1,25.04
850,45,1.69,115,1.94,54,14,110,15.4,17.34
851,45,1.69,115,1.94,53,0,110,0,1.94
852,45,1.69,115,1.94,56,39,110,42.9,44.84
853,45,1.69,115,1.94,58,50,110,55,56.94
854,45,1.69,115,1.94,54,0,110,0,1.94
855,45,1.69,115,1.94,53,8,110,8.8,10.74
856,45,1.69,115,1.94,53,0,110,0,1.94
857,45,1.69,115,1.94,59,60,110,66,67.94
858,45,1.69,115,1.94,53,10,110,11,12.94
859,45,1.69,115,1.94,57,31,110,34.1,36.04
860,45,1.69,115,1.94,54,22,110,24.2,26.14
861,45,1.69,115,1.94,58,29,110,31.9,33.84
862,45,1.69,115,1.94,56,50,110,55,56.94
863,45,1.69,115,1.94,53,21,110,23.1,25.04
864,45,1.69,115,1.95,55,28,110,30.8,32.75
865,45,1.69,115,1.95,53,21,110,23.1,25.05
866,45,1.69,115,1.95,58,50,110,55,56.95
867,45,1.69,115,1.95,54,44,110,48.4,50.35
868,45,1.69,115,1.95,63,100,110,110,111.95
869,45,1.69,115,1.95,61,94,110,103.4,105.35
870,45,1.69,115,1.95,61,94,110,103.4,105.35
871,45,1.69,115,1.95,62,94,110,103.4,105.35
872,45,1.69,115,1.95,62,95,110,104.5,106.45
873,45,1.69,115,1.95,62,93,110,102.3,104.25
874,45,1.69,115,1.95,62,94,110,103.4,105.35
875,45,1.69,115,1.95,63,93,110,102.3,104.25
876,45,1.69,115,1.95,63,93,110,102.3,104.25
877,45,1.69,115,1.95,63,94,110,103.4,105.35
878,45,1.69,115,1.95,63,92,110,101.2,103.15
879,45,1.69,115,1.95,63,94,110,103.4,105.35
880,45,1.69,115,1.95,59,94,110,103.4,105.35
881,45,1.69,115,1.95,56,0,110,0,1.95
882,45,1.69,115,1.95,55,0,110,0,1.95
883,45,1.69,115,1.95,55,1,110,1.1,3.05
884,45,1.69,115,1.95,57,46,110,50.6,52.55
885,45,1.69,115,1.95,56,49,110,53.9,55.85
886,45,1.69,115,1.95,55,0,110,0,1.95
887,45,1.69,115,1.95,54,0,110,0,1.95
888,45,1.69,115,1.95,58,49,110,53.9,55.85
889,45,1.69,115,1.95,57,50,110,55,56.95
890,45,1.69,115,1.95,55,0,110,0,1.95
891,45,1.69,115,1.95,60,34,110,37.4,39.35
892,45,1.69,115,1.95,55,54,110,59.4,61.35
893,45,1.69,115,1.95,54,9,110,9.9,11.85
894,45,1.69,115,1.95,54,0,110,0,1.95
895,45,1.69,115,1.95,56,48,110,52.8,54.75
896,45,1.69,115,1.95,54,8,110,8.8,10.75
897,45,1.69,115,1.95,56,62,110,68.2,70.15
898,45,1.69,115,1.95,54,0,110,0,1.95
899,45,1.69,115,1.95,54,19,110,20.9,22.85
900,45,1.69,115,1.95,57,0,110,0,1.95
901,45,1.69,115,1.95,57,51,110,56.1,58.05
902,45,1.69,115,1.95,55,55,110,60.5,62.45
903,45,1.69,115,1.95,56,48,110,52.8,54.75
904,45,1.69,115,1.95,59,54,110,59.4,61.35
905,45,1.69,115,1.95,60,49,110,53.9,55.85
906,45,1.69,115,1.95,54,30,110,33,34.95
907,45,1.69,115,1.95,57,22,110,24.2,26.15
908,45,1.69,115,1.95,54,19,110,20.9,22.85
909,45,1.69,115,1.95,57,0,110,0,1.95
910,45,1.69,115,1.95,54,11,110,12.1,14.05
911,45,1.69,115,1.95,54,30,110,33,34.95
912,45,1.69,115,1.95,61,94,110,103.4,105.35
913,45,1.69,115,1.95,61,93,110,102.3,104.25
914,45,1.69,115,1.95,62,94,110,103.4,105.35
915,45,1.69,115,1.95,62,93,110,102.3,104.25
916,45,1.69,115,1.95,62,93,110,102.3,104.25
917,45,1.69,115,1.95,62,94,110,103.4,105.35
918,45,1.69,115,1.95,63,94,110,103.4,105.35
919,45,1.69,115,1.95,63,93,110,102.3,104.25
920,45,1.69,115,1.95,63,94,110,103.4,105.35
921,45,1.69,115,1.95,63,93,110,102.3,104.25
922,45,1.69,115,1.95,63,93,110,102.3,104.25
923,45,1.69,115,1.95,64,94,110,103.4,105.35
924,45,1.69,115,1.95,64,94,110,103.4,105.35
925,45,1.69,115,1.95,64,94,110,103.4,105.35
926,45,1.69,115,1.95,63,53,110,58.3,60.25
927,45,1.69,115,1.95,56,0,110,0,1.95
928,45,1.69,115,1.95,56,0,110,0,1.95
929,45,1.69,115,1.95,55,30,110,33,34.95
930,45,1.69,115,1.95,56,41,110,45.1,47.05
931,45,1.69,115,1.95,59,39,110,42.9,44.85
932,45,1.69,115,1.95,55,0,110,0,1.95
933,45,1.69,115,1.95,55,0,110,0,1.95
934,45,1.69,115,1.95,59,35,110,38.5,40.45
935,45,1.69,115,1.95,60,53,110,58.3,60.25
936,45,1.69,115,1.95,55,14,110,15.4,17.35
937,45,1.69,115,1.95,58,33,110,36.3,38.25
938,45,1.69,115,1.95,57,48,110,52.8,54.75
939,45,1.69,115,1.95,54,21,110,23.1,25.05
940,45,1.69,115,1.95,54,0,110,0,1.95
941,45,1.69,115,1.95,56,34,110,37.4,39.35
942,45,1.69,115,1.95,60,54,110,59.4,61.35
943,45,1.69,115,1.95,57,49,110,53.9,55.85
944,45,1.69,115,1.95,54,0,110,0,1.95
945,45,1.69,115,1.95,58,49,110,53.9,55.85
946,45,1.69,115,1.95,54,15,110,16.5,18.45
947,45,1.69,115,1.95,57,61,110,67.1,69.05
948,45,1.69,115,1.95,57,35,110,38.5,40.45
949,45,1.69,115,1.95,55,43,110,47.3,49.25
950,45,1.69,115,1.95,55,11,110,12.1,14.05
951,45,1.69,115,1.95,59,44,110,48.4,50.35
952,45,1.69,115,1.95,56,52,110,57.2,59.15
953,45,1.69,115,1.95,54,0,110,0,1.95
954,45,1.69,115,1.95,59,36,110,39.6,41.55
955,45,1.7,115,1.95,53,21,110,23.1,25.05
956,45,1.7,115,1.95,59,50,110,55,56.95
957,45,1.7,115,1.95,55,53,110,58.3,60.25
958,45,1.7,115,1.95,64,100,110,110,111.95
959,45,1.7,115,1.95,61,94,110,103.4,105.35
960,45,1.7,115,1.95,62,93,110,102.3,104.25
961,45,1.7,115,1.95,62,94,110,103.4,105.35
962,45,1.7,115,1.95,62,93,110,102.3,104.25
963,45,1.7,115,1.95,62,94,110,103.4,105.35
964,45,1.7,115,1.95,63,94,110,103.4,105.35
965,45,1.7,115,1.95,63,93,110,102.3,104.25
966,45,1.7,115,1.95,63,93,110,102.3,104.25
967,45,1.7,115,1.95,64,94,110,103.4,105.35
968,45,1.7,115,1.95,64,94,110,103.4,105.35
969,45,1.7,115,1.95,64,94,110,103.4,105.35
970,45,1.7,115,1.95,64,93,110,102.3,104.25
971,45,1.7,115,1.95,63,39,110,42.9,44.85
972,45,1.7,115,1.95,56,0,110,0,1.95
973,45,1.7,115,1.95,55,0,110,0,1.95
974,45,1.7,115,1.95,55,30,110,33,34.95
975,45,1.7,115,1.95,61,35,110,38.5,40.45
976,45,1.7,115,1.95,57,49,110,53.9,55.85
977,45,1.7,115,1.95,55,0,110,0,1.95
978,45,1.7,115,1.95,54,0,110,0,1.95
979,45,1.7,115,1.95,58,57,110,62.7,64.65
980,45,1.7,115,1.95,61,50,110,55,56.95
981,45,1.7,115,1.95,55,0,110,0,1.95
982,45,1.7,115,1.95,56,33,110,36.3,38.25
983,45,1.7,115,1.95,55,27,110,29.7,31.65
984,45,1.7,115,1.95,54,0,110,0,1.95
985,45,1.7,115,1.95,54,0,110,0,1.95
986,45,1.7,115,1.95,58,43,110,47.3,49.25
987,45,1.7,115,1.95,57,48,110,52.8,54.75
988,45,1.7,115,1.95,59,54,110,59.4,61.35
989,45,1.7,115,1.95,54,0,110,0,1.95
990,45,1.7,115,1.95,57,48,110,52.8,54.75
991,45,1.7,115,1.95,53,21,110,23.1,25.05
992,45,1.7,115,1.95,60,40,110,44,45.95
993,45,1.7,115,1.95,59,49,110,53.9,55.85
994,45,1.7,115,1.95,58,46,110,50.6,52.55
995,45,1.7,115,1.95,60,40,110,44,45.95
996,45,1.7,115,1.95,56,52,110,57.2,59.15
997,45,1.7,115,1.95,54,57,110,62.7,64.65
998,45,1.7,115,1.95,53,9,110,9.9,11.85
999,45,1.7,115,1.95,54,31,110,34.1,36.05
1000,45,1.7,115,1.95,53,0,110,0,1.95
1001,45,1.7,115,1.95,54,8,110,8.8,10.75
1002,45,1.7,115,1.95,54,52,110,57.2,59.15
1003,45,1.7,115,1.95,61,98,110,107.8,109.75
1004,45,1.7,115,1.95,61,93,110,102.3,104.25
1005,45,1.7,115,1.95,62,93,110,102.3,104.25
1006,45,1.7,115,1.95,62,93,110,102.3,104.25
1007,45,1.7,115,1.95,62,93,110,102.3,104.25
1008,45,1.7,115,1.95,62,94,110,103.4,105.35
1009,45,1.7,115,1.95,63,92,110,101.2,103.15
1010,45,1.7,115,1.95,63,94,110,103.4,105.35
1011,45,1.7,115,1.95,63,94,110,103.4,105.35
1012,45,1.7,115,1.95,63,93,110,102.3,104.25
1013,45,1.7,115,1.95,64,94,110,103.4,105.35
1014,45,1.7,115,1.95,64,93,110,102.3,104.25
1015,45,1.7,115,1.95,64,94,110,103.4,105.35
1016,45,1.7,115,1.95,64,95,110,104.5,106.45
1017,45,1.7,115,1.95,64,94,110,103.4,105.35
1018,45,1.7,115,1.95,58,0,110,0,1.95
1019,45,1.7,115,1.95,56,0,110,0,1.95
1020,45,1.7,115,1.95,56,0,110,0,1.95
1021,45,1.7,115,1.95,59,29,110,31.9,33.85
1022,45,1.7,115,1.95,56,9,110,9.9,11.85
1023,45,1.7,115,1.95,56,31,110,34.1,36.05
1024,45,1.7,115,1.95,55,10,110,11,12.95
1025,45,1.7,115,1.95,57,2,110,2.2,4.15
1026,45,1.7,115,1.95,59,51,110,56.1,58.05
1027,45,1.7,115,1.95,58,54,110,59.4,61.35
1028,45,1.7,115,1.95,55,0,110,0,1.95
1029,45,1.7,115,1.95,55,8,110,8.8,10.75
1030,45,1.7,115,1.95,54,0,110,0,1.95
1031,45,1.7,115,1.95,55,30,110,33,34.95
1032,45,1.7,115,1.95,54,0,110,0,1.95
1033,45,1.7,115,1.95,60,54,110,59.4,61.35
1034,45,1.7,115,1.95,58,47,110,51.7,53.65
1035,45,1.7,115,1.95,54,0,110,0,1.95
1036,45,1.7,115,1.95,54,9,110,9.9,11.85
1037,45,1.7,115,1.95,54,0,110,0,1.95
1038,45,1.7,115,1.95,57,65,110,71.5,73.45
1039,45,1.7,115,1.95,54,11,110,12.1,14.05
1040,45,1.7,115,1.95,59,49,110,53.9,55.85
1041,45,1.7,115,1.95,57,11,110,12.1,14.05
1042,45,1.7,115,1.95,56,35,110,38.5,40.45
1043,45,1.7,115,1.95,56,54,110,59.4,61.35
1044,45,1.7,115,1.95,54,0,110,0,1.95
1045,45,1.7,115,1.95,58,11,110,12.1,14.05
1046,45,1.7,115,1.95,54,21,110,23.1,25.05
1047,45,1.7,115,1.95,55,48,110,52.8,54.75
1048,45,1.7,115,1.95,56,55,110,60.5,62.45
1049,45,1.7,115,1.95,60,94,110,103.4,105.35
1050,45,1.7,115,1.95,61,93,110,102.3,104.25
1051,45,1.7,115,1.95,62,93,110,102.3,104.25
1052,45,1.7,115,1.95,62,93,110,102.3,104.25
1053,45,1.7,115,1.95,62,94,110,103.4,105.35
1054,45,1.7,115,1.95,62,93,110,102.3,104.25
1055,45,1.7,115,1.95,63,94,110,103.4,105.35
1056,45,1.7,115,1.95,63,94,110,103.4,105.35
1057,45,1.7,115,1.95,63,93,110,102.3,104.25
1058,45,1.7,115,1.95,56,0,110,0,1.95
1059,45,1.7,115,1.95,55,0,110,0,1.95
1060,45,1.7,115,1.95,54,0,110,0,1.95
1061,45,1.7,115,1.95,56,44,110,48.4,50.35
1062,45,1.7,115,1.95,59,33,110,36.3,38.25
1063,45,1.7,115,1.95,55,1,110,1.1,3.05
1064,45,1.7,115,1.95,54,10,110,11,12.95
1065,45,1.7,115,1.95,54,1,110,1.1,3.05
1066,45,1.7,115,1.95,58,49,110,53.9,55.85
1067,45,1.7,115,1.95,56,49,110,53.9,55.85
1068,45,1.7,115,1.95,54,20,110,22,23.95
1069,45,1.7,115,1.95,54,11,110,12.1,14.05
1070,45,1.7,115,1.95,54,0,110,0,1.95
1071,45,1.7,115,1.95,54,9,110,9.9,11.85
1072,45,1.7,115,1.95,53,21,110,23.1,25.05
1073,45,1.7,115,1.95,59,46,110,50.6,52.55
1074,45,1.7,115,1.95,55,49,110,53.9,55.85
1075,45,1.7,115,1.95,54,0,110,0,1.95
1076,45,1.7,115,1.95,53,9,110,9.9,11.85
1077,45,1.7,115,1.95,53,0,110,0,1.95
1078,45,1.7,115,1.95,57,65,110,71.5,73.45
1079,45,1.7,115,1.95,53,4,110,4.4,6.35
1080,45,1.7,115,1.95,57,53,110,58.3,60.25
1081,45,1.7,115,1.96,58,29,110,31.9,33.86
1082,45,1.7,115,1.96,55,36,110,39.6,41.56
1083,45,1.7,115,1.96,55,47,110,51.7,53.66
1084,45,1.7,115,1.96,53,6,110,6.6,8.56
1085,45,1.7,115,1.96,54,16,110,17.6,19.56
1086,45,1.7,115,1.96,53,0,110,0,1.96
1087,45,1.7,115,1.96,58,47,110,51.7,53.66
1088,45,1.7,115,1.96,55,53,110,58.3,60.26
1089,45,1.7,115,1.96,63,100,110,110,111.96
1090,45,1.7,115,1.96,61,93,110,102.3,104.26
1091,45,1.7,115,1.96,61,93,110,102.3,104.26
1092,45,1.7,115,1.96,62,93,110,102.3,104.26
1093,45,1.7,115,1.96,62,93,110,102.3,104.26
1094,45,1.7,115,1.96,62,93,110,102.3,104.26
1095,45,1.7,115,1.96,62,93,110,102.3,104.26
1096,45,1.7,115,1.96,62,94,110,103.4,105.36
1097,45,1.7,115,1.96,63,94,110,103.4,105.36
1098,45,1.7,115,1.96,63,94,110,103.4,105.36
1099,45,1.7,115,1.96,63,93,110,102.3,104.26
1100,45,1.7,115,1.96,56,16,110,17.6,19.56
1101,45,1.7,115,1.96,55,0,110,0,1.96
1102,45,1.7,115,1.96,54,0,110,0,1.96
1103,45,1.7,115,1.96,57,45,110,49.5,51.46
1104,45,1.7,115,1.96,60,29,110,31.9,33.86
1105,45,1.7,115,1.96,55,29,110,31.9,33.86
1106,45,1.7,115,1.96,54,10,110,11,12.96
1107,45,1.7,115,1.96,56,0,110,0,1.96
1108,45,1.7,115,1.96,58,49,110,53.9,55.86
1109,45,1.7,115,1.96,57,54,110,59.4,61.36
1110,45,1.7,115,1.96,54,0,110,0,1.96
1111,45,1.7,115,1.96,54,11,110,12.1,14.06
1112,45,1.7,115,1.96,54,0,110,0,1.96
1113,45,1.7,115,1.96,54,30,110,33,34.96
1114,45,1.7,115,1.96,53,7,110,7.7,9.66
1115,45,1.7,115,1.96,55,49,110,53.9,55.86
1116,45,1.7,115,1.96,60,49,110,53.9,55.86
1117,45,1.7,115,1.96,54,55,110,60.5,62.46
1118,45,1.7,115,1.96,53,9,110,9.9,11.86
1119,45,1.7,115,1.96,53,0,110,0,1.96
1120,45,1.7,115,1.96,55,49,110,53.9,55.86
1121,45,1.7,115,1.96,54,25,110,27.5,29.46
1122,45,1.7,115,1.96,55,13,110,14.3,16.26
1123,45,1.7,115,1.96,59,49,110,53.9,55.86
1124,45,1.7,115,1.96,54,35,110,38.5,40.46
1125,45,1.7,115,1.96,54,21,110,23.1,25.06
1126,45,1.7,115,1.96,53,0,110,0,1.96
1127,45,1.7,115,1.96,54,47,110,51.7,53.66
1128,45,1.7,115,1.96,53,0,110,0,1.96
1129,45,1.7,115,1.96,58,50,110,55,56.96
1130,45,1.7,115,1.96,55,13,110,14.3,16.26
1131,45,1.7,115,1.96,59,0,110,0,1.96
1132,45,1.7,115,1.96,60,94,110,103.4,105.36
1133,45,1.7,115,1.96,61,94,110,103.4,105.36
1134,45,1.7,115,1.96,61,93,110,102.3,104.26
1135,45,1.7,115,1.96,62,93,110,102.3,104.26
1136,45,1.7,115,1.96,62,94,110,103.4,105.36
1137,45,1.7,115,1.96,62,93,110,102.3,104.26
1138,45,1.7,115,1.96,62,93,110,102.3,104.26
1139,45,1.7,115,1.96,63,94,110,103.4,105.36
1140,45,1.7,115,1.96,63,94,110,103.4,105.36
1141,45,1.7,115,1.96,63,94,110,103.4,105.36
1142,45,1.7,115,1.96,64,94,110,103.4,105.36
1143,45,1.7,115,1.96,64,93,110,102.3,104.26
1144,45,1.7,115,1.96,64,95,110,104.5,106.46
1145,45,1.7,115,1.96,57,16,110,17.6,19.56
1146,45,1.7,115,1.96,56,0,110,0,1.96
1147,45,1.7,115,1.96,55,0,110,0,1.96
1148,45,1.7,115,1.96,56,39,110,42.9,44.86
1149,45,1.7,115,1.96,55,9,110,9.9,11.86
1150,45,1.7,115,1.96,56,54,110,59.4,61.36
1151,45,1.7,115,1.96,55,9,110,9.9,11.86
1152,45,1.7,115,1.96,54,11,110,12.1,14.06
1153,45,1.7,115,1.96,60,54,110,59.4,61.36
1154,45,1.7,115,1.96,60,49,110,53.9,55.86
1155,45,1.7,115,1.96,54,0,110,0,1.96
1156,45,1.7,115,1.96,54,23,110,25.3,27.26
1157,45,1.7,115,1.96,54,0,110,0,1.96
1158,45,1.7,115,1.96,55,49,110,53.9,55.86
1159,45,1.7,115,1.96,54,0,110,0,1.96
1160,45,1.7,115,1.96,55,47,110,51.7,53.66
1161,45,1.7,115,1.96,61,49,110,53.9,55.86
1162,45,1.7,115,1.96,55,54,110,59.4,61.36
1163,45,1.7,115,1.96,54,9,110,9.9,11.86
1164,45,1.7,115,1.96,53,0,110,0,1.96
1165,45,1.7,115,1.96,55,49,110,53.9,55.86
1166,45,1.7,115,1.96,55,30,110,33,34.96
1167,45,1.7,115,1.96,54,9,110,9.9,11.86
1168,45,1.7,115,1.96,55,42,110,46.2,48.16
1169,45,1.7,115,1.96,55,30,110,33,34.96
1170,45,1.7,115,1.96,54,9,110,9.9,11.86
1171,45,1.7,115,1.96,53,0,110,0,1.96
1172,45,1.7,115,1.96,59,45,110,49.5,51.46
1173,45,1.7,115,1.96,53,0,110,0,1.96
1174,45,1.7,115,1.96,55,44,110,48.4,50.36
1175,45,1.7,115,1.96,53,9,110,9.9,11.86
1176,45,1.7,115,1.96,53,0,110,0,1.96
1177,45,1.7,115,1.96,61,93,110,102.3,104.26
1178,45,1.7,115,1.96,61,94,110,103.4,105.36
1179,45,1.7,115,1.96,62,94,110,103.4,105.36
1180,45,1.7,115,1.96,62,93,110,102.3,104.26
1181,45,1.7,115,1.96,62,94,110,103.4,105.36
1182,45,1.7,115,1.96,62,94,110,103.4,105.36
1183,45,1.7,115,1.96,62,94,110,103.4,105.36
1184,45,1.7,115,1.96,63,94,110,103.4,105.36
1185,45,1.7,115,1.96,63,93,110,102.3,104.26
1186,45,1.7,115,1.96,63,94,110,103.4,105.36
1187,45,1.7,115,1.96,63,93,110,102.3,104.26
1188,45,1.7,115,1.96,64,94,110,103.4,105.36
1189,45,1.7,115,1.96,64,94,110,103.4,105.36
1190,45,1.7,115,1.96,64,94,110,103.4,105.36
1191,45,1.7,115,1.96,57,0,110,0,1.96
1192,45,1.7,115,1.96,56,0,110,0,1.96
1193,45,1.7,115,1.96,55,0,110,0,1.96
1194,45,1.7,115,1.96,58,41,110,45.1,47.06
1195,45,1.7,115,1.96,57,49,110,53.9,55.86
1196,45,1.7,115,1.96,55,0,110,0,1.96
1197,45,1.7,115,1.96,55,0,110,0,1.96
1198,45,1.7,115,1.96,59,16,110,17.6,19.56
1199,45,1.7,115,1.96,56,42,110,46.2,48.16
1200,45,1.7,115,1.96,55,20,110,22,23.96
1201,45,1.7,115,1.96,54,21,110,23.1,25.06
1202,45,1.7,115,1.96,57,11,110,12.1,14.06
1203,45,1.7,115,1.96,54,0,110,0,1.96
1204,45,1.7,115,1.96,54,16,110,17.6,19.56
1205,45,1.7,115,1.96,54,0,110,0,1.96
1206,45,1.71,115,1.96,56,50,110,55,56.96
1207,45,1.71,115,1.96,57,49,110,53.9,55.86
1208,45,1.71,115,1.96,54,0,110,0,1.96
1209,45,1.71,115,1.96,54,8,110,8.8,10.76
1210,45,1.71,115,1.96,53,0,110,0,1.96
1211,45,1.71,115,1.96,60,64,110,70.4,72.36
1212,45,1.71,115,1.96,54,10,110,11,12.96
1213,45,1.71,115,1.96,57,54,110,59.4,61.36
1214,45,1.71,115,1.96,59,36,110,39.6,41.56
1215,45,1.71,115,1.96,57,51,110,56.1,58.06
1216,45,1.71,115,1.96,58,59,110,64.9,66.86
1217,45,1.71,115,1.96,53,0,110,0,1.96
1218,45,1.71,115,1.96,54,1,110,1.1,3.06
1219,45,1.71,115,1.96,57,9,110,9.9,11.86
1220,45,1.71,115,1.96,54,53,110,58.3,60.26
1221,45,1.71,115,1.96,55,35,110,38.5,40.46
1222,45,1.71,115,1.96,61,93,110,102.3,104.26
1223,45,1.71,115,1.96,61,94,110,103.4,105.36
1224,45,1.71,115,1.96,62,94,110,103.4,105.36
1225,45,1.71,115,1.96,62,93,110,102.3,104.26
1226,45,1.71,115,1.96,62,93,110,102.3,104.26
1227,45,1.71,115,1.96,62,94,110,103.4,105.36
1228,45,1.71,115,1.96,63,94,110,103.4,105.36
1229,45,1.71,115,1.96,63,94,110,103.4,105.36
1230,45,1.71,115,1.96,63,93,110,102.3,104.26
1231,45,1.71,115,1.96,64,92,110,101.2,103.16
1232,45,1.71,115,1.96,63,94,110,103.4,105.36
1233,45,1.71,115,1.96,64,93,110,102.3,104.26
1234,45,1.71,115,1.96,64,94,110,103.4,105.36
1235,45,1.71,115,1.96,65,94,110,103.4,105.36
1236,45,1.71,115,1.96,64,93,110,102.3,104.26
1237,45,1.71,115,1.96,64,94,110,103.4,105.36
1238,45,1.71,115,1.96,64,94,110,103.4,105.36
1239,45,1.71,115,1.96,65,93,110,102.3,104.26
1240,45,1.71,115,1.96,65,94,110,103.4,105.36
1241,45,1.71,115,1.96,57,16,110,17.6,19.56
1242,45,1.71,115,1.96,57,0,110,0,1.96
1243,45,1.71,115,1.96,56,0,110,0,1.96
1244,45,1.71,115,1.96,57,30,110,33,34.96
1245,45,1.71,115,1.96,59,55,110,60.5,62.46
1246,45,1.71,115,1.96,56,0,110,0,1.96
1247,45,1.71,115,1.96,55,0,110,0,1.96
1248,45,1.71,115,1.96,59,51,110,56.1,58.06
1249,45,1.71,115,1.96,62,51,110,56.1,58.06
1250,45,1.71,115,1.96,55,5,110,5.5,7.46
1251,45,1.71,115,1.96,60,5,110,5.5,7.46
1252,45,1.71,115,1.96,58,48,110,52.8,54.76
1253,45,1.71,115,1.96,55,5,110,5.5,7.46
1254,45,1.71,115,1.96,54,0,110,0,1.96
1255,45,1.71,115,1.96,56,35,110,38.5,40.46
1256,45,1.71,115,1.96,55,30,110,33,34.96
1257,45,1.71,115,1.96,57,65,110,71.5,73.46
1258,45,1.71,115,1.96,54,21,110,23.1,25.06
1259,45,1.71,115,1.96,54,24,110,26.4,28.36
1260,45,1.71,115,1.96,57,0,110,0,1.96
1261,45,1.71,115,1.96,60,44,110,48.4,50.36
1262,45,1.71,115,1.96,55,54,110,59.4,61.36
1263,45,1.71,115,1.96,56,48,110,52.8,54.76
1264,45,1.71,115,1.96,59,46,110,50.6,52.56
1265,45,1.71,115,1.96,55,50,110,55,56.96
1266,45,1.71,115,1.96,54,0,110,0,1.96
1267,45,1.71,115,1.96,60,48,110,52.8,54.76
1268,45,1.71,115,1.96,54,0,110,0,1.96
1269,45,1.71,115,1.96,58,39,110,42.9,44.86
1270,45,1.71,115,1.96,54,12,110,13.2,15.16
1271,45,1.71,115,1.96,54,0,110,0,1.96
1272,45,1.71,115,1.96,61,95,110,104.5,106.46
1273,45,1.71,115,1.96,62,94,110,103.4,105.36
1274,45,1.71,115,1.96,62,94,110,103.4,105.36
1275,45,1.71,115,1.96,63,93,110,102.3,104.26
1276,45,1.71,115,1.96,63,93,110,102.3,104.26
1277,45,1.71,115,1.96,63,94,110,103.4,105.36
1278,45,1.71,115,1.96,59,94,110,103.4,105.36
1279,45,1.71,115,1.96,56,0,110,0,1.96
1280,45,1.71,115,1.96,55,0,110,0,1.96
1281,45,1.71,115,1.96,54,1,110,1.1,3.06
1282,45,1.71,115,1.96,60,63,110,69.3,71.26
1283,45,1.71,115,1.96,57,25,110,27.5,29.46
1284,45,1.71,115,1.96,54,0,110,0,1.96
1285,45,1.71,115,1.96,54,0,110,0,1.96
1286,45,1.71,115,1.96,58,49,110,53.9,55.86
1287,45,1.71,115,1.96,58,49,110,53.9,55.86
1288,45,1.71,115,1.96,54,14,110,15.4,17.36
1289,45,1.71,115,1.96,54,9,110,9.9,11.86
1290,45,1.71,115,1.96,59,49,110,53.9,55.86
1291,45,1.71,115,1.96,53,21,110,23.1,25.06
1292,45,1.71,115,1.96,53,0,110,0,1.96
1293,45,1.71,115,1.96,55,33,110,36.3,38.26
1294,45,1.71,115,1.96,54,30,110,33,34.96
1295,45,1.71,115,1.96,55,62,110,68.2,70.16
1296,45,1.71,115,1.96,53,0,110,0,1.96
1297,45,1.71,115,1.96,54,31,110,34.1,36.06
1298,45,1.71,115,1.97,53,0,110,0,1.97
1299,45,1.71,115,1.97,56,53,110,58.3,60.27
1300,45,1.71,115,1.97,56,54,110,59.4,61.37
1301,45,1.71,115,1.97,55,44,110,48.4,50.37
1302,45,1.71,115,1.97,55,41,110,45.1,47.07
1303,45,1.71,115,1.97,57,49,110,53.9,55.87
1304,45,1.71,115,1.97,54,46,110,50.6,52.57
1305,45,1.71,115,1.97,54,34,110,37.4,39.37
1306,45,1.71,115,1.97,53,6,110,6.6,8.57
1307,45,1.71,115,1.97,56,9,110,9.9,11.87
1308,45,1.71,115,1.97,53,11,110,12.1,14.07
1309,45,1.71,115,1.97,53,23,110,25.3,27.27
1310,45,1.71,115,1.97,61,94,110,103.4,105.37
1311,45,1.71,115,1.97,61,94,110,103.4,105.37
1312,45,1.71,115,1.97,61,94,110,103.4,105.37
1313,45,1.71,115,1.97,62,93,110,102.3,104.27
1314,45,1.71,115,1.97,63,93,110,102.3,104.27
1315,45,1.71,115,1.97,62,94,110,103.4,105.37
1316,45,1.71,115,1.97,63,93,110,102.3,104.27
1317,45,1.71,115,1.97,63,93,110,102.3,104.27
1318,45,1.71,115,1.97,63,93,110,102.3,104.27
1319,45,1.71,115,1.97,63,94,110,103.4,105.37
1320,45,1.71,115,1.97,64,93,110,102.3,104.27
1321,45,1.71,115,1.97,63,77,110,84.7,86.67
1322,45,1.71,115,1.97,56,0,110,0,1.97
1323,45,1.71,115,1.97,55,0,110,0,1.97
1324,45,1.71,115,1.97,55,1,110,1.1,3.07
1325,45,1.71,115,1.97,58,25,110,27.5,29.47
1326,45,1.71,115,1.97,57,44,110,48.4,50.37
1327,45,1.71,115,1.97,55,0,110,0,1.97
1328,45,1.71,115,1.97,54,0,110,0,1.97
1329,45,1.71,115,1.97,56,54,110,59.4,61.37
1330,45,1.71,115,1.97,57,53,110,58.3,60.27
1331,45,1.71,115,1.97,54,14,110,15.4,17.37
1332,45,1.71,115,1.97,59,23,110,25.3,27.27
1333,45,1.71,115,1.97,56,49,110,53.9,55.87
1334,45,1.71,115,1.97,54,0,110,0,1.97
1335,45,1.71,115,1.97,54,0,110,0,1.97
1336,45,1.71,115,1.97,59,41,110,45.1,47.07
1337,45,1.71,115,1.97,60,49,110,53.9,55.87
1338,45,1.71,115,1.97,58,45,110,49.5,51.47
1339,45,1.71,115,1.97,54,0,110,0,1.97
1340,45,1.71,115,1.97,55,43,110,47.3,49.27
1341,45,1.71,115,1.97,53,21,110,23.1,25.07
1342,45,1.71,115,1.97,57,49,110,53.9,55.87
1343,45,1.71,115,1.97,60,54,110,59.4,61.37
1344,45,1.71,115,1.97,58,49,110,53.9,55.87
1345,45,1.71,115,1.97,56,54,110,59.4,61.37
1346,45,1.71,115,1.97,56,55,110,60.5,62.47
1347,45,1.71,115,1.97,54,1,110,1.1,3.07
1348,45,1.71,115,1.97,56,9,110,9.9,11.87
1349,45,1.71,115,1.97,53,0,110,0,1.97
1350,45,1.71,115,1.97,54,30,110,33,34.97
1351,45,1.71,115,1.97,53,14,110,15.4,17.37
1352,45,1.71,115,1.97,54,5,110,5.5,7.47
1353,45,1.71,115,1.97,60,94,110,103.4,105.37
1354,45,1.71,115,1.97,61,94,110,103.4,105.37
1355,45,1.71,115,1.97,61,93,110,102.3,104.27
1356,45,1.71,115,1.97,62,93,110,102.3,104.27
1357,45,1.71,115,1.97,62,94,110,103.4,105.37
1358,45,1.71,115,1.97,62,94,110,103.4,105.37
1359,45,1.71,115,1.97,62,94,110,103.4,105.37
1360,45,1.71,115,1.97,63,94,110,103.4,105.37
1361,45,1.71,115,1.97,63,94,110,103.4,105.37
1362,45,1.71,115,1.97,63,93,110,102.3,104.27
1363,45,1.71,115,1.97,63,94,110,103.4,105.37
1364,45,1.71,115,1.97,64,94,110,103.4,105.37
1365,45,1.71,115,1.97,64,94,110,103.4,105.37
1366,45,1.71,115,1.97,64,94,110,103.4,105.37
1367,45,1.71,115,1.97,64,92,110,101.2,103.17
1368,45,1.71,115,1.97,64,93,110,102.3,104.27
1369,45,1.71,115,1.97,65,94,110,103.4,105.37
1370,45,1.71,115,1.97,65,93,110,102.3,104.27
1371,45,1.71,115,1.97,60,43,110,47.3,49.27
1372,45,1.71,115,1.97,57,0,110,0,1.97
1373,45,1.71,115,1.97,56,0,110,0,1.97
1374,45,1.71,115,1.97,56,13,110,14.3,16.27
1375,45,1.71,115,1.97,61,47,110,51.7,53.67
1376,45,1.71,115,1.97,61,46,110,50.6,52.57
1377,45,1.71,115,1.97,56,0,110,0,1.97
1378,45,1.71,115,1.97,55,0,110,0,1.97
1379,45,1.71,115,1.97,61,63,110,69.3,71.27
1380,45,1.71,115,1.97,57,47,110,51.7,53.67
1381,45,1.71,115,1.97,55,0,110,0,1.97
1382,45,1.71,115,1.97,59,34,110,37.4,39.37
1383,45,1.71,115,1.97,55,15,110,16.5,18.47
1384,45,1.71,115,1.97,54,0,110,0,1.97
1385,45,1.71,115,1.97,54,0,110,0,1.97
1386,45,1.71,115,1.97,59,43,110,47.3,49.27
1387,45,1.71,115,1.97,55,12,110,13.2,15.17
1388,45,1.71,115,1.97,60,54,110,59.4,61.37
1389,45,1.71,115,1.97,54,21,110,23.1,25.07
1390,45,1.71,115,1.97,54,23,110,25.3,27.27
1391,45,1.71,115,1.97,55,42,110,46.2,48.17
1392,45,1.71,115,1.97,56,49,110,53.9,55.87
1393,45,1.71,115,1.97,54,22,110,24.2,26.17
1394,45,1.71,115,1.97,55,46,110,50.6,52.57
1395,45,1.71,115,1.97,60,49,110,53.9,55.87
1396,45,1.71,115,1.97,54,17,110,18.7,20.67
1397,45,1.71,115,1.97,54,0,110,0,1.97
1398,45,1.71,115,1.97,55,27,110,29.7,31.67
1399,45,1.71,115,1.97,53,0,110,0,1.97
1400,45,1.71,115,1.97,54,46,110,50.6,52.57
1401,45,1.71,115,1.97,53,11,110,12.1,14.07
1402,45,1.71,115,1.97,53,0,110,0,1.97
1403,45,1.71,115,1.97,61,94,110,103.4,105.37
1404,45,1.71,115,1.97,61,93,110,102.3,104.27
1405,45,1.71,115,1.97,62,94,110,103.4,105.37
1406,45,1.71,115,1.97,62,94,110,103.4,105.37
1407,45,1.71,115,1.97,62,93,110,102.3,104.27
1408,45,1.71,115,1.97,63,94,110,103.4,105.37
1409,45,1.71,115,1.97,63,94,110,103.4,105.37
1410,45,1.71,115,1.97,63,93,110,102.3,104.27
1411,45,1.71,115,1.97,64,94,110,103.4,105.37
1412,45,1.71,115,1.97,63,94,110,103.4,105.37
1413,45,1.71,115,1.97,63,94,110,103.4,105.37
1414,45,1.71,115,1.97,64,94,110,103.4,105.37
1415,45,1.71,115,1.97,64,93,110,102.3,104.27
1416,45,1.71,115,1.97,64,93,110,102.3,104.27
1417,45,1.71,115,1.97,64,93,110,102.3,104.27
1418,45,1.71,115,1.97,64,93,110,102.3,104.27
1419,45,1.71,115,1.97,65,93,110,102.3,104.27
1420,45,1.71,115,1.97,65,93,110,102.3,104.27
1421,45,1.71,115,1.97,60,50,110,55,56.97
1422,45,1.71,115,1.97,57,0,110,0,1.97
1423,45,1.71,115,1.97,56,0,110,0,1.97
1424,45,1.71,115,1.97,56,11,110,12.1,14.07
1425,45,1.71,115,1.97,58,52,110,57.2,59.17
1426,45,1.71,115,1.97,62,54,110,59.4,61.37
1427,45,1.71,115,1.97,56,0,110,0,1.97
1428,45,1.71,115,1.97,55,21,110,23.1,25.07
1429,45,1.71,115,1.97,58,27,110,29.7,31.67
1430,45,1.71,115,1.97,62,49,110,53.9,55.87
1431,45,1.71,115,1.97,55,0,110,0,1.97
1432,45,1.71,115,1.97,56,53,110,58.3,60.27
1433,45,1.71,115,1.97,55,1,110,1.1,3.07
1434,45,1.71,115,1.97,56,49,110,53.9,55.87
1435,45,1.71,115,1.97,54,0,110,0,1.97
1436,45,1.71,115,1.97,56,60,110,66,67.97
1437,45,1.71,115,1.97,60,29,110,31.9,33.87
1438,45,1.71,115,1.97,56,50,110,55,56.97
1439,45,1.71,115,1.97,54,21,110,23.1,25.07
1440,45,1.71,115,1.97,54,0,110,0,1.97
1441,45,1.71,115,1.97,60,51,110,56.1,58.07
1442,45,1.71,115,1.97,54,33,110,36.3,38.27
1443,45,1.71,115,1.97,57,44,110,48.4,50.37
1444,45,1.71,115,1.97,55,36,110,39.6,41.57
1445,45,1.71,115,1.97,54,12,110,13.2,15.17
1446,45,1.71,115,1.97,56,52,110,57.2,59.17
1447,45,1.71,115,1.97,54,0,110,0,1.97
1448,45,1.71,115,1.97,55,8,110,8.8,10.77
1449,45,1.71,115,1.97,54,21,110,23.1,25.07
1450,45,1.71,115,1.97,54,44,110,48.4,50.37
1451,45,1.71,115,1.97,58,13,110,14.3,16.27
1452,45,1.71,115,1.97,60,87,110,95.7,97.67
1453,45,1.71,115,1.97,62,94,110,103.4,105.37
1454,45,1.71,115,1.97,62,94,110,103.4,105.37
1455,45,1.71,115,1.97,62,94,110,103.4,105.37
1456,45,1.71,115,1.97,62,94,110,103.4,105.37
1457,45,1.71,115,1.97,62,94,110,103.4,105.37
1458,45,1.71,115,1.97,63,93,110,102.3,104.27
1459,45,1.71,115,1.97,63,94,110,103.4,105.37
1460,45,1.71,115,1.97,63,93,110,102.3,104.27
1461,45,1.71,115,1.97,63,94,110,103.4,105.37
1462,45,1.71,115,1.97,57,0,110,0,1.97
1463,45,1.72,115,1.97,56,0,110,0,1.97
1464,45,1.72,115,1.97,55,0,110,0,1.97
1465,45,1.72,115,1.97,59,40,110,44,45.97
1466,45,1.72,115,1.97,56,13,110,14.3,16.27
1467,45,1.72,115,1.97,55,0,110,0,1.97
1468,45,1.72,115,1.97,54,10,110,11,12.97
1469,45,1.72,115,1.97,58,1,110,1.1,3.07
1470,45,1.72,115,1.97,61,59,110,64.9,66.87
1471,45,1.72,115,1.97,55,30,110,33,34.97
1472,45,1.72,115,1.97,54,0,110,0,1.97
1473,45,1.72,115,1.97,59,11,110,12.1,14.07
1474,45,1.72,115,1.97,54,0,110,0,1.97
1475,45,1.72,115,1.97,54,12,110,13.2,15.17
1476,45,1.72,115,1.97,54,0,110,0,1.97
1477,45,1.72,115,1.97,57,51,110,56.1,58.07
1478,45,1.72,115,1.97,56,51,110,56.1,58.07
1479,45,1.72,115,1.97,54,0,110,0,1.97
1480,45,1.72,115,1.97,58,8,110,8.8,10.77
1481,45,1.72,115,1.97,54,0,110,0,1.97
1482,45,1.72,115,1.97,60,51,110,56.1,58.07
1483,45,1.72,115,1.97,57,22,110,24.2,26.17
1484,45,1.72,115,1.97,59,48,110,52.8,54.77
1485,45,1.72,115,1.97,59,51,110,56.1,58.07
1486,45,1.72,115,1.97,57,54,110,59.4,61.37
1487,45,1.72,115,1.97,54,1,110,1.1,3.07
1488,45,1.72,115,1.97,53,0,110,0,1.97
1489,45,1.72,115,1.97,54,55,110,60.5,62.47
1490,45,1.72,115,1.97,55,9,110,9.9,11.87
1491,45,1.72,115,1.97,54,48,110,52.8,54.77
1492,45,1.72,115,1.97,55,54,110,59.4,61.37
1493,45,1.72,115,1.97,63,100,110,110,111.97
1494,45,1.72,115,1.97,61,93,110,102.3,104.27
1495,45,1.72,115,1.97,61,93,110,102.3,104.27
1496,45,1.72,115,1.97,62,93,110,102.3,104.27
1497,45,1.72,115,1.97,62,94,110,103.4,105.37
1498,45,1.72,115,1.97,62,93,110,102.3,104.27
1499,45,1.72,115,1.97,63,93,110,102.3,104.27
1500,45,1.72,115,1.97,63,93,110,102.3,104.27
1501,45,1.72,115,1.97,63,94,110,103.4,105.37
1502,45,1.72,115,1.97,63,93,110,102.3,104.27
1503,45,1.72,115,1.97,63,93,110,102.3,104.27
1504,45,1.72,115,1.97,64,93,110,102.3,104.27
1505,45,1.72,115,1.97,64,94,110,103.4,105.37
1506,45,1.72,115,1.97,57,15,110,16.5,18.47
1507,45,1.72,115,1.97,56,0,110,0,1.97
1508,45,1.72,115,1.97,55,0,110,0,1.97
1509,45,1.72,115,1.97,59,40,110,44,45.97
1510,45,1.72,115,1.97,55,15,110,16.5,18.47
1511,45,1.72,115,1.97,56,25,110,27.5,29.47
1512,45,1.72,115,1.97,55,0,110,0,1.97
1513,45,1.72,115,1.97,54,21,110,23.1,25.07
1514,45,1.72,115,1.97,57,42,110,46.2,48.17
1515,45,1.72,115,1.97,61,44,110,48.4,50.37
1516,45,1.72,115,1.97,54,0,110,0,1.97
1517,45,1.72,115,1.97,54,8,110,8.8,10.77
1518,45,1.72,115,1.97,54,0,110,0,1.97
1519,45,1.72,115,1.97,55,51,110,56.1,58.07
1520,45,1.72,115,1.97,54,21,110,23.1,25.07
1521,45,1.72,115,1.98,59,48,110,52.8,54.78
1522,45,1.72,115,1.98,58,49,110,53.9,55.88
1523,45,1.72,115,1.98,54,0,110,0,1.98
1524,45,1.72,115,1.98,54,9,110,9.9,11.88
1525,45,1.72,115,1.98,53,0,110,0,1.98
1526,45,1.72,115,1.98,58,49,110,53.9,55.88
1527,45,1.72,115,1.98,54,4,110,4.4,6.38
1528,45,1.72,115,1.98,58,46,110,50.6,52.58
1529,45,1.72,115,1.98,58,28,110,30.8,32.78
1530,45,1.72,115,1.98,56,48,110,52.8,54.78
1531,45,1.72,115,1.98,57,56,110,61.6,63.58
1532,45,1.72,115,1.98,53,21,110,23.1,25.08
1533,45,1.72,115,1.98,55,44,110,48.4,50.38
1534,45,1.72,115,1.98,53,0,110,0,1.98
1535,45,1.72,115,1.98,54,53,110,58.3,60.28
1536,45,1.72,115,1.98,54,30,110,33,34.98
1537,45,1.72,115,1.98,60,94,110,103.4,105.38
1538,45,1.72,115,1.98,61,93,110,102.3,104.28
1539,45,1.72,115,1.98,61,93,110,102.3,104.28
1540,45,1.72,115,1.98,62,94,110,103.4,105.38
1541,45,1.72,115,1.98,62,93,110,102.3,104.28
1542,45,1.72,115,1.98,62,93,110,102.3,104.28
1543,45,1.72,115,1.98,63,93,110,102.3,104.28
1544,45,1.72,115,1.98,64,94,110,103.4,105.38
1545,45,1.72,115,1.98,63,94,110,103.4,105.38
1546,45,1.72,115,1.98,63,94,110,103.4,105.38
1547,45,1.72,115,1.98,56,3,110,3.3,5.28
1548,45,1.72,115,1.98,55,0,110,0,1.98
1549,45,1.72,115,1.98,55,0,110,0,1.98
1550,45,1.72,115,1.98,58,15,110,16.5,18.48
1551,45,1.72,115,1.98,55,24,110,26.4,28.38
1552,45,1.72,115,1.98,55,44,110,48.4,50.38
1553,45,1.72,115,1.98,54,2,110,2.2,4.18
1554,45,1.72,115,1.98,54,21,110,23.1,25.08
1555,45,1.72,115,1.98,56,36,110,39.6,41.58
1556,45,1.72,115,1.98,56,45,110,49.5,51.48
1557,45,1.72,115,1.98,54,0,110,0,1.98
1558,45,1.72,115,1.98,55,43,110,47.3,49.28
1559,45,1.72,115,1.98,54,1,110,1.1,3.08
1560,45,1.72,115,1.98,55,9,110,9.9,11.88
1561,45,1.72,115,1.98,53,0,110,0,1.98
1562,45,1.72,115,1.98,57,49,110,53.9,55.88
1563,45,1.72,115,1.98,58,8,110,8.8,10.78
1564,45,1.72,115,1.98,60,36,110,39.6,41.58
1565,45,1.72,115,1.98,53,20,110,22,23.98
1566,45,1.72,115,1.98,53,0,110,0,1.98
1567,45,1.72,115,1.98,54,30,110,33,34.98
1568,45,1.72,115,1.98,57,44,110,48.4,50.38
1569,45,1.72,115,1.98,55,49,110,53.9,55.88
1570,45,1.72,115,1.98,59,61,110,67.1,69.08
1571,45,1.72,115,1.98,56,40,110,44,45.98
1572,45,1.72,115,1.98,55,47,110,51.7,53.68
1573,45,1.72,115,1.98,53,0,110,0,1.98
1574,45,1.72,115,1.98,55,35,110,38.5,40.48
1575,45,1.72,115,1.98,53,0,110,0,1.98
1576,45,1.72,115,1.98,59,50,110,55,56.98
1577,45,1.72,115,1.98,53,11,110,12.1,14.08
1578,45,1.72,115,1.98,53,0,110,0,1.98
1579,45,1.72,115,1.98,61,94,110,103.4,105.38
1580,45,1.72,115,1.98,61,92,110,101.2,103.18
1581,45,1.72,115,1.98,61,94,110,103.4,105.38
1582,45,1.72,115,1.98,62,94,110,103.4,105.38
1583,45,1.72,115,1.98,62,94,110,103.4,105.38
1584,45,1.72,115,1.98,62,94,110,103.4,105.38
1585,45,1.72,115,1.98,62,93,110,102.3,104.28
1586,45,1.72,115,1.98,63,94,110,103.4,105.38
1587,45,1.72,115,1.98,63,94,110,103.4,105.38
1588,45,1.72,115,1.98,63,93,110,102.3,104.28
1589,45,1.72,115,1.98,63,94,110,103.4,105.38
1590,45,1.72,115,1.98,63,94,110,103.4,105.38
1591,45,1.72,115,1.98,64,94,110,103.4,105.38
1592,45,1.72,115,1.98,57,16,110,17.6,19.58
1593,45,1.72,115,1.98,56,0,110,0,1.98
1594,45,1.72,115,1.98,55,0,110,0,1.98
1595,45,1.72,115,1.98,57,56,110,61.6,63.58
1596,45,1.72,115,1.98,58,41,110,45.1,47.08
1597,45,1.72,115,1.98,55,0,110,0,1.98
1598,45,1.72,115,1.98,55,0,110,0,1.98
1599,45,1.72,115,1.98,56,45,110,49.5,51.48
1600,45,1.72,115,1.98,60,51,110,56.1,58.08
1601,45,1.72,115,1.98,55,14,110,15.4,17.38
1602,45,1.72,115,1.98,54,0,110,0,1.98
1603,45,1.72,115,1.98,55,41,110,45.1,47.08
1604,45,1.72,115,1.98,54,21,110,23.1,25.08
1605,45,1.72,115,1.98,54,14,110,15.4,17.38
1606,45,1.72,115,1.98,55,33,110,36.3,38.28
1607,45,1.72,115,1.98,55,53,110,58.3,60.28
1608,45,1.72,115,1.98,60,68,110,74.8,76.78
1609,45,1.72,115,1.98,54,0,110,0,1.98
1610,45,1.72,115,1.98,54,0,110,0,1.98
1611,45,1.72,115,1.98,57,9,110,9.9,11.88
1612,45,1.72,115,1.98,57,52,110,57.2,59.18
1613,45,1.72,115,1.98,54,11,110,12.1,14.08
1614,45,1.72,115,1.98,58,53,110,58.3,60.28
1615,45,1.72,115,1.98,54,40,110,44,45.98
1616,45,1.72,115,1.98,56,29,110,31.9,33.88
1617,45,1.72,115,1.98,54,0,110,0,1.98
1618,45,1.72,115,1.98,54,30,110,33,34.98
1619,45,1.72,115,1.98,53,0,110,0,1.98
1620,45,1.72,115,1.98,55,39,110,42.9,44.88
1621,45,1.72,115,1.98,57,50,110,55,56.98
1622,45,1.72,115,1.98,63,100,110,110,111.98
1623,45,1.72,115,1.98,61,94,110,103.4,105.38
1624,45,1.72,115,1.98,61,94,110,103.4,105.38
1625,45,1.72,115,1.98,62,93,110,102.3,104.28
1626,45,1.72,115,1.98,62,93,110,102.3,104.28
1627,45,1.72,115,1.98,62,93,110,102.3,104.28
1628,45,1.72,115,1.98,62,93,110,102.3,104.28
1629,45,1.72,115,1.98,63,94,110,103.4,105.38
1630,45,1.72,115,1.98,63,93,110,102.3,104.28
1631,45,1.72,115,1.98,63,94,110,103.4,105.38
1632,45,1.72,115,1.98,59,50,110,55,56.98
1633,45,1.72,115,1.98,56,0,110,0,1.98
1634,45,1.72,115,1.98,55,0,110,0,1.98
1635,45,1.72,115,1.98,55,24,110,26.4,28.38
1636,45,1.72,115,1.98,57,55,110,60.5,62.48
1637,45,1.72,115,1.98,61,52,110,57.2,59.18
1638,45,1.72,115,1.98,54,21,110,23.1,25.08
1639,45,1.72,115,1.98,54,0,110,0,1.98
1640,45,1.72,115,1.98,60,47,110,51.7,53.68
1641,45,1.72,115,1.98,56,49,110,53.9,55.88
1642,45,1.72,115,1.98,54,0,110,0,1.98
1643,45,1.72,115,1.98,56,50,110,55,56.98
1644,45,1.72,115,1.98,54,18,110,19.8,21.78
1645,45,1.72,115,1.98,56,34,110,37.4,39.38
1646,45,1.72,115,1.98,53,0,110,0,1.98
1647,45,1.72,115,1.98,56,43,110,47.3,49.28
1648,45,1.72,115,1.98,57,28,110,30.8,32.78
1649,45,1.72,115,1.98,58,27,110,29.7,31.68
1650,45,1.72,115,1.98,53,10,110,11,12.98
1651,45,1.72,115,1.98,54,42,110,46.2,48.18
1652,45,1.72,115,1.98,57,9,110,9.9,11.88
1653,45,1.72,115,1.98,55,43,110,47.3,49.28
1654,45,1.72,115,1.98,54,49,110,53.9,55.88
1655,45,1.72,115,1.98,55,50,110,55,56.98
1656,45,1.72,115,1.98,57,46,110,50.6,52.58
1657,45,1.72,115,1.98,54,46,110,50.6,52.58
1658,45,1.72,115,1.98,53,27,110,29.7,31.68
1659,45,1.72,115,1.98,58,35,110,38.5,40.48
1660,45,1.72,115,1.98,53,0,110,0,1.98
1661,45,1.72,115,1.98,58,9,110,9.9,11.88
1662,45,1.72,115,1.98,53,11,110,12.1,14.08
1663,45,1.72,115,1.98,53,16,110,17.6,19.58
1664,45,1.72,115,1.98,60,94,110,103.4,105.38
1665,45,1.72,115,1.98,61,92,110,101.2,103.18
1666,45,1.72,115,1.98,61,94,110,103.4,105.38
1667,45,1.72,115,1.98,62,93,110,102.3,104.28
1668,45,1.72,115,1.98,62,93,110,102.3,104.28
1669,45,1.72,115,1.98,62,93,110,102.3,104.28
1670,45,1.72,115,1.98,63,93,110,102.3,104.28
1671,45,1.72,115,1.98,63,94,110,103.4,105.38
1672,45,1.72,115,1.98,63,94,110,103.4,105.38
1673,45,1.72,115,1.98,62,46,110,50.6,52.58
1674,45,1.72,115,1.98,55,0,110,0,1.98
1675,45,1.72,115,1.98,54,0,110,0,1.98
1676,45,1.72,115,1.98,54,30,110,33,34.98
1677,45,1.72,115,1.98,60,52,110,57.2,59.18
1678,45,1.72,115,1.98,56,45,110,49.5,51.48
1679,45,1.72,115,1.98,55,0,110,0,1.98
1680,45,1.72,115,1.98,54,0,110,0,1.98
1681,45,1.72,115,1.98,56,52,110,57.2,59.18
1682,45,1.72,115,1.98,56,48,110,52.8,54.78
1683,45,1.72,115,1.98,54,0,110,0,1.98
1684,45,1.72,115,1.98,55,33,110,36.3,38.28
1685,45,1.72,115,1.98,54,8,110,8.8,10.78
1686,45,1.72,115,1.98,58,6,110,6.6,8.58
1687,45,1.72,115,1.98,53,0,110,0,1.98
1688,45,1.72,115,1.98,59,57,110,62.7,64.68
1689,45,1.72,115,1.98,59,11,110,12.1,14.08
1690,45,1.72,115,1.98,57,55,110,60.5,62.48
1691,45,1.72,115,1.98,53,21,110,23.1,25.08
1692,45,1.72,115,1.98,53,0,110,0,1.98
1693,45,1.72,115,1.98,54,49,110,53.9,55.88
1694,45,1.72,115,1.98,54,54,110,59.4,61.38
1695,45,1.72,115,1.98,53,24,110,26.4,28.38
1696,45,1.72,115,1.98,58,49,110,53.9,55.88
1697,45,1.72,115,1.98,54,49,110,53.9,55.88
1698,45,1.72,115,1.98,54,13,110,14.3,16.28
1699,45,1.73,115,1.98,53,0,110,0,1.98
1700,45,1.73,115,1.98,58,39,110,42.9,44.88
1701,45,1.73,115,1.98,53,0,110,0,1.98
1702,45,1.73,115,1.98,58,45,110,49.5,51.48
1703,45,1.73,115,1.98,53,5,110,5.5,7.48
1704,45,1.73,115,1.98,53,3,110,3.3,5.28
1705,45,1.73,115,1.98,60,93,110,102.3,104.28
1706,45,1.73,115,1.98,61,93,110,102.3,104.28
1707,45,1.73,115,1.98,61,94,110,103.4,105.38
1708,45,1.73,115,1.98,62,94,110,103.4,105.38
1709,45,1.73,115,1.98,62,94,110,103.4,105.38
1710,45,1.73,115,1.98,62,94,110,103.4,105.38
1711,45,1.73,115,1.98,63,94,110,103.4,105.38
1712,45,1.73,115,1.98,63,94,110,103.4,105.38
1713,45,1.73,115,1.98,63,93,110,102.3,104.28
1714,45,1.73,115,1.98,63,94,110,103.4,105.38
1715,45,1.73,115,1.98,63,94,110,103.4,105.38
1716,45,1.73,115,1.98,63,92,110,101.2,103.18
1717,45,1.73,115,1.98,64,93,110,102.3,104.28
1718,45,1.73,115,1.98,64,93,110,102.3,104.28
1719,45,1.73,115,1.98,64,94,110,103.4,105.38
1720,45,1.73,115,1.98,64,94,110,103.4,105.38
1721,45,1.73,115,1.98,64,93,110,102.3,104.28
1722,45,1.73,115,1.98,64,93,110,102.3,104.28
1723,45,1.73,115,1.98,65,93,110,102.3,104.28
1724,45,1.73,115,1.98,60,47,110,51.7,53.68
1725,45,1.73,115,1.98,57,0,110,0,1.98
1726,45,1.73,115,1.98,56,0,110,0,1.98
1727,45,1.73,115,1.98,57,20,110,22,23.98
1728,45,1.73,115,1.98,61,33,110,36.3,38.28
1729,45,1.73,115,1.98,61,55,110,60.5,62.48
1730,45,1.73,115,1.98,56,21,110,23.1,25.08
1731,45,1.73,115,1.98,55,0,110,0,1.98
1732,45,1.73,115,1.98,59,64,110,70.4,72.38
1733,45,1.73,115,1.98,57,54,110,59.4,61.38
1734,45,1.73,115,1.98,55,0,110,0,1.98
1735,45,1.73,115,1.98,56,47,110,51.7,53.68
1736,45,1.73,115,1.98,55,0,110,0,1.98
1737,45,1.73,115,1.99,60,34,110,37.4,39.39
1738,45,1.73,115,1.99,54,0,110,0,1.99
1739,45,1.73,115,1.99,58,65,110,71.5,73.49
1740,45,1.73,115,1.99,55,33,110,36.3,38.29
1741,45,1.73,115,1.99,58,49,110,53.9,55.89
1742,45,1.73,115,1.99,54,0,110,0,1.99
1743,45,1.73,115,1.99,54,0,110,0,1.99
1744,45,1.73,115,1.99,55,34,110,37.4,39.39
1745,45,1.73,115,1.99,55,30,110,33,34.99
1746,45,1.73,115,1.99,54,9,110,9.9,11.89
1747,45,1.73,115,1.99,60,45,110,49.5,51.49
1748,45,1.73,115,1.99,55,22,110,24.2,26.19
1749,45,1.73,115,1.99,54,9,110,9.9,11.89
1750,45,1.73,115,1.99,54,0,110,0,1.99
1751,45,1.73,115,1.99,55,30,110,33,34.99
1752,45,1.73,115,1.99,54,0,110,0,1.99
1753,45,1.73,115,1.99,56,55,110,60.5,62.49
1754,45,1.73,115,1.99,59,29,110,31.9,33.89
1755,45,1.73,115,1.99,60,30,110,33,34.99
1756,45,1.73,115,1.99,61,93,110,102.3,104.29
1757,45,1.73,115,1.99,62,93,110,102.3,104.29
1758,45,1.73,115,1.99,62,93,110,102.3,104.29
1759,45,1.73,115,1.99,62,94,110,103.4,105.39
1760,45,1.73,115,1.99,62,94,110,103.4,105.39
1761,45,1.73,115,1.99,63,93,110,102.3,104.29
1762,45,1.73,115,1.99,63,93,110,102.3,104.29
1763,45,1.73,115,1.99,60,71,110,78.1,80.09
1764,45,1.73,115,1.99,56,0,110,0,1.99
1765,45,1.73,115,1.99,55,0,110,0,1.99
1766,45,1.73,115,1.99,54,12,110,13.2,15.19
1767,45,1.73,115,1.99,56,46,110,50.6,52.59
1768,45,1.73,115,1.99,58,52,110,57.2,59.19
1769,45,1.73,115,1.99,54,0,110,0,1.99
1770,45,1.73,115,1.99,54,0,110,0,1.99
1771,45,1.73,115,1.99,56,54,110,59.4,61.39
1772,45,1.73,115,1.99,56,44,110,48.4,50.39
1773,45,1.73,115,1.99,54,14,110,15.4,17.39
1774,45,1.73,115,1.99,59,27,110,29.7,31.69
1775,45,1.73,115,1.99,58,49,110,53.9,55.89
1776,45,1.73,115,1.99,54,21,110,23.1,25.09
1777,45,1.73,115,1.99,53,0,110,0,1.99
1778,45,1.73,115,1.99,55,37,110,40.7,42.69
1779,45,1.73,115,1.99,60,47,110,51.7,53.69
1780,45,1.73,115,1.99,59,52,110,57.2,59.19
1781,45,1.73,115,1.99,53,0,110,0,1.99
1782,45,1.73,115,1.99,55,45,110,49.5,51.49
1783,45,1.73,115,1.99,53,0,110,0,1.99
1784,45,1.73,115,1.99,58,54,110,59.4,61.39
1785,45,1.73,115,1.99,55,38,110,41.8,43.79
1786,45,1.73,115,1.99,60,59,110,64.9,66.89
1787,45,1.73,115,1.99,55,30,110,33,34.99
1788,45,1.73,115,1.99,54,9,110,9.9,11.89
1789,45,1.73,115,1.99,53,0,110,0,1.99
1790,45,1.73,115,1.99,54,28,110,30.8,32.79
1791,45,1.73,115,1.99,53,0,110,0,1.99
1792,45,1.73,115,1.99,57,51,110,56.1,58.09
1793,45,1.73,115,1.99,57,32,110,35.2,37.19
1794,45,1.73,115,1.99,61,17,110,18.7,20.69
1795,45,1.73,115,1.99,61,93,110,102.3,104.29
1796,45,1.73,115,1.99,62,93,110,102.3,104.29
1797,45,1.73,115,1.99,61,94,110,103.4,105.39
1798,45,1.73,115,1.99,61,92,110,101.2,103.19
1799,45,1.73,115,1.99,62,93,110,102.3,104.29
1800,45,1.73,115,1.99,62,94,110,103.4,105.39
